"1","1","1973","James Blunt","1",,,"0","123","00:04:40","0",,,,
"1","2","Tausend mal beruehrt","Klaus Lage","2",,,"0","124","00:03:22","0",,,,"Key"
"1","3","A night like this","Caro Emerald","3",,,"1","124","00:03:47","0",,,,"Test2"
"1","4","Abracadabra","Steve Miller Band","4",,,"1","127","00:05:07","0",,,,"Alle"
"1","5","Alice","Smokey","5",,,"0","122","00:03:36","0",,,,"Alle"
"1","6","Alkohol","Herbert Grönemeyer","6",,,"1","121","00:04:29","0",,,,"Alle"
"1","7","Aloa heja he","Achim Reichel","7",,,"0","110","00:04:03","0",,,,"Alle"
"1","8","Am Fenster","City","8",,,"0","0","00:03:59","0",,,,
"1","9","Amsterdam","Cora","9","a-moll",,"1","120","00:04:12","0","https://www.youtube.com/watch?v=ccx7WCF0ekY",,,"Alle"
"1","10","Angel in a Centerfold","J Geiles Band","10",,,"1","114","00:03:41","0",,,,"Keys"
"1","11","Don't stop me now","Queen","11",,,"1","157","00:03:31","0",,,,
"1","12","Anybody seen my baby","The Rolling Stones","12",,,"0","105","00:04:44","-1","https://www.youtube.com/watch?v=BinwuzZVjnE",,,"Alle"
"1","13","Ayo technology","Milow","13",,,"1","128","00:03:36","0",,,,"Gitarre"
"1","14","Bad moon rising","CCR","14",,,"1","180","00:02:18","-1","https://www.youtube.com/watch?v=5BmEGm-mraE",,,"Alle"
"1","15","Besser gehts nicht","2Raumwohnung","15",,,"0","0","00:04:25","0",,,,"Alle"
"1","16","Black Velvet","Allanah Miles","16",,,"1","91","00:04:44","0",,,,"Alle"
"1","17","Born to be wild","Steppenwolf","17",,,"1","147","00:03:29","0",,,,"Alle"
"1","18","Bring me some water","Melissa Etheridge","18",,,"1","126","00:03:37","-1",,,,"Alle"
"1","19","Crazy little thing called love","Queen","19",,,"1","152","00:02:44","0",,,,"Gitarre"
"1","20","Clocks","Coldplay","20",,,"1","126","00:05:14","0","https://www.youtube.com/watch?v=d020hcWA_Wg",,,"Alle"
"1","21","Nutbush City Limit","Tina Turner","21",,,"0","154","00:03:00","-1","https://www.youtube.com/watch?v=ipOz_k9zvzo",,,"Gitarre"
"1","22","Daydream believer","The Monkeys","22",,,"1","125","00:02:52","0",,,,
"1","23","Desperado","Don Henley","23",,,"0","0","00:04:13","0",,,,
"1","24","Don't stop","Fleetwood Mac","24",,,"1","127","00:03:41","0",,,,"Alle"
"1","25","Du kannst nicht immer 17 sein","Chris Roberts","25",,,"0","0","00:03:44","0",,,,"Alle"
"1","26","Ein Kompliment","Sportfreunde Stiller","26",,,"1","158","00:03:30","-1","https://www.youtube.com/watch?v=C4uXGzFZjqw",,,"Gitarre"
"1","28","Every breath you take","Police","28",,,"0","117","00:04:13","0",,,,"Alle"
"1","29","Eye of the tiger","Survivor","29","c-moll",,"0","108","00:03:46","-1","https://www.youtube.com/watch?v=btPJPFnesV4",,,"Gitarre"
"1","30","Ein Herz kann man nicht repariern","Udo lindenberg","30",,,"1","138","00:04:42","0","https://www.youtube.com/watch?v=0P7BE0XdfDU",,,"Alle"
"1","31","Fascination","Alphabeat","31",,,"0","0","00:03:02","0",,,,"Alle"
"1","32","Father and son","Cat Stevens","32",,,"0","0","00:04:21","0",,,,"Gitarre"
"1","33","Feliz navidad","Josï¿½ Feliciano","33",,,"0","148","00:03:04","0",,,,"Gitarre"
"1","34","You and me","Milow","34",,,"1","134","00:03:17","0",,,,
"1","35","Ganz anders","Udo Lindenberg/Delay","35",,,"1","116","00:04:09","0",,,,"Alle"
"1","36","Gimme all your lovin","ZZ Top","36",,,"1","119","00:03:59","0","https://www.youtube.com/watch?v=Ae829mFAGGE",,,"Alle"
"1","37","Hollywood Hills","Sunrise Avenue","37",,,"1","138","00:03:32","0","https://www.youtube.com/watch?v=zX-YjZ5kyDs",,,"Alle"
"1","38","Hang on sloopy","Mccoys","38",,,"1","115","00:03:34","0",,,,"Alle"
"1","39","Haus am See","Peter Fox","39",,,"1","124","00:03:38","-1","https://www.youtube.com/watch?v=8IeLFOtAVBk",,,"Alle"
"1","40","Have you ever seen the rain","CCR","40",,,"1","116","00:02:38","0",,,,"Alle"
"1","41","Here comes the sun","The Beatles","41",,,"1","129","00:03:04","0","https://www.youtube.com/watch?v=bgiQD56eWDk",,,"Gitarre"
"1","42","Hey Joe","Jimmy Hendrix","42",,,"0","0","00:03:43","0",,,,
"1","43","Hey Jude","The Beatles","43",,,"0","0","00:07:03","0",,,,
"1","44","Hiroshima","Wishful Thinking","44",,,"0","136","00:02:58","0",,,,
"1","45","Honky Tonk Woman","Rolling Stones","45",,,"1","0","00:03:00","0",,,,"Alle"
"1","46","I will survive","Gloria Gaynor","46",,,"1","119","00:04:28","-1","https://www.youtube.com/watch?v=fCR0ep31-6U",,,"Keys"
"1","47","Ich bin ich","Rosenstolz ","47",,,"0","0","00:03:39","0",,,,
"1","48","Ich geh in Flammen auf","Rosenstolz ","48",,,"0","0","00:03:46","0",,,,
"1","49","If I could get me you","Marit Larson","49",,,"0","92","00:03:24","0",,,,"Keys"
"1","50","I'm a believer","The Monkeys","50",,,"1","160","00:02:49","0",,,,"Keys"
"1","51","I'm so excited","Pointer Sisters","51",,"g-moll","1","184","00:03:49","-1","https://www.youtube.com/watch?v=rQqwG_rQx7A",,,"Alle"
"1","52","Irgenwann, irgendwie irgendwo","Jürgen Drews","52",,,"0","0","00:02:59","0",,,,
"1","53","It never rains to california","Albert Hammond","53",,,"1","117","00:03:51","0","https://www.youtube.com/watch?v=Gmq4WIjQxp0",,,"Alle"
"1","54","It's my live","Bon Jovi","54",,,"0","0","00:04:35","0",,,,"Alle"
"1","55","It's a heartache","Bonny Tyler","55",,,"1","119","00:03:30","0","https://www.youtube.com/watch?v=nPOy7TPjfkE",,,"Gitarre"
"1","56","It'so easy","Linda Ronstadt","56",,,"1","119","00:02:27","0","https://www.youtube.com/watch?v=stq4-99-J74",,,"Key Spencer"
"1","57","Jugendliebe","Ute Freudenberg","57",,,"1","120","00:04:44","-1","https://www.youtube.com/watch?v=_rTYxhGZes8",,,"Gitarre"
"1","58","Nur in meinem Kopf","Andreas bourani","58",,,"1","0","00:03:49","0",,,,"Alle"
"1","59","Karma Camelia","Boy George","59",,,"0","92","00:04:00","0",,,,
"1","61","Keep on running","Spencer davis group","61",,,"0","141","00:02:44","0",,,,
"1","62","Kling Klang","Keimzeit","62",,,"1","132","00:03:44","-1","https://www.youtube.com/watch?v=fFXH6NFjTz0",,,"Gitarre"
"1","63","Knockin on heavens door","Bob Dylan","63",,,"1","70","00:03:00","-1","https://www.youtube.com/watch?v=rnKbImRPhTE",,,"Alle"
"1","64","Cello","Udo Lindenberg","64",,,"1","163","00:03:53","-1",,,,"Keys"
"1","65","Lady Madonna","The Beatles","65",,,"0","0","00:02:26","0",,,,"Alle"
"1","66","Lay down Sally","Eric Clapton","66",,,"0","0","00:06:26","0",,,,"Alle"
"1","67","Layla","Eric Clapton","67",,,"0","0","00:08:00","0",,,,"Alle"
"1","0","Cordula GrÃ¼n","Josh","369","C",,,"109","00:03:00","-1","https://www.youtube.com/watch?v=uSbxCX2LVps",,,"Gitarre"
"1","69","Locomotive breath","Jethrotull","69","e-moll","e-moll","0","125","00:04:36","-1","https://www.youtube.com/watch?v=bNCT6pA5I9A",,,"Keys"
"1","70","Lookin' out my back door","CCR","70",,,"1","105","00:02:33","-1","https://www.youtube.com/watch?v=Aae_RHRptRg",,,"Gitarre"
"1","71","Loosing my religion","R.E.M.","71",,"a-moll, d-","1","122","00:04:29","-1","https://www.youtube.com/watch?v=xwtdhWltSIg",,,"Alle"
"1","72","Mamma Mia","ABBA","72",,,"1","137","00:03:34","-1","https://www.youtube.com/watch?v=unfzfe8f9NI",,,"Alle"
"1","73","Mein Ding","Udo Lindenberg","73",,,"1","127","00:04:28","-1","https://www.youtube.com/watch?v=ZFwSjgC8Cr4",,,"Alle"
"1","74","Mendocino","Michael Holm","74",,,"0","133","00:02:34","0",,,,"Alle"
"1","75","Mercy","Duffy","75",,,"1","130","00:03:41","0",,,,"Alle"
"1","77","Mighty quinn","Manfred Mann","77",,,"1","93","00:06:19","0",,,,"Keys"
"1","78","Money for nothing","Dire Straits","78",,,"1","134","00:04:05","0",,,,"Alle"
"1","79","Atemlos","Helene","79",,,"1","128","00:03:39","0",,,,"Alle"
"1","81","NDW-Medley","diverse","81",,,"1","0","00:14:00","0",,,,"Alle"
"1","82","Rolling in the deep","Adele","82",,"c-moll","1","105","00:03:47","-1",,,,"Gitarre"
"1","83","Nie genug","Christina Stürmer","83",,,"0","0","00:03:32","0",,,,"Alle"
"1","84","No milk today","Hermits Hermans","84",,,"1","134","00:02:50","0",,,,"Alle"
"1","85","No no never","Texas Lightning","85",,,"1","121","00:03:02","0",,,,"Alle"
"1","86","Pfefferminzprinz","Marius Müller Westernhagen","86",,,"0","0","00:03:00","0",,,,"Alle"
"1","87","Poor boy","The Lords","87",,,"1","138","00:02:45","0",,,,"Gitarre"
"1","88","Pretty woman","Van Halen","88",,,"0","0","00:04:33","0",,,,"Alle"
"1","89","Proud Mary","CCR","89",,,"1","137","00:03:09","0",,,,"Alle"
"1","90","Que sera","Doris day","90",,"Duo","0","135","00:03:00","0",,,,
"1","91","Raining men","Weather Girls","91",,,"1","137","00:04:08","-1",,,,"Alle"
"1","92","Rockin all over the world","Status Quo","92",,,"0","131","00:03:26","0",,,,"Keys"
"1","93","Hells Bells","ACDC","93",,,"1","105","00:05:11","0",,,,
"1","94","Runaway train","Soul Asylum","94",,"C","1","118","00:04:21","-1",,,,"Alle"
"1","95","Touch to much","ACDC","95",,,"1","123","00:04:26","0",,,,
"1","96","Satisfaction","The Rolling Stones","96",,,"1","137","00:03:47","0",,,,"Gitarre"
"1","97","Sexy","Marius Müller Westernhagen","97",,,"0","120","00:05:31","0",,,,"Alle"
"1","98","Simply the best","Tina Turner","98",,"F","1","104","00:03:30","-1",,,,"Alle"
"1","99","Sister golden hair","America","99",,,"1","136","00:03:20","0",,,,
"1","100","Sledge hammer","Peter Gabriel","100",,,"0","97","00:04:59","0",,,,"Alle"
"1","102","Black Night","Deep Purple","102",,,"1","136","00:03:27","-1","https://www.youtube.com/watch?v=QuAKMlfxX7I",,,"Alle"
"1","103","Something got me started","Simply red","103",,,"0","0","00:04:00","0",,,,"Alle"
"1","104","Sonne in der Nacht","Peter Maffay","104",,,"0","142","00:05:57","0",,,,"Alle"
"1","105","Start me up","The Rolling Stones","105",,,"1","122","00:03:36","0",,,,"Gitarre"
"1","106","Sugar","Archies","106",,,"0","122","00:03:28","0",,,,"Alle"
"1","107","Summer of 69","Bryan Adams","107",,"C-Dur","1","139","00:03:33","-1",,,,"Gitarre"
"1","108","Sunny","Bob Hebb","108",,,"1","128","00:02:48","0",,,,"Alle"
"1","109","Sweet about me","Gabriela Cilmi","109",,,"0","0","00:03:29","0",,,,"Alle"
"1","110","Sweet home Alabama","Lynard Skynard","110",,"G-Dur","1","98","00:04:43","-1",,,,"Gitarre"
"1","111","Sweets for my sweet","Searchers","111",,,"0","120","00:02:30","0",,,,"Alle"
"1","112","Tainted love","Softcell","112",,,"0","143","00:02:36","0",,,,"Alle"
"1","114","Personal Jesus","Depeche Mode","114",,,"1","130","00:03:47","-1",,,,"Klick"
"1","115","The first cut is the deepest","Sheryl Crow","115",,,"0","160","00:04:32","0",,,,
"1","116","The great commandment","Camouflage","116",,,"1","124","00:04:20","0",,,,"Alle"
"1","118","The Letter","Boxtrop","118",,,"0","145","00:03:30","0",,,,"Alle"
"1","119","The one I love","R.E.M.","119",,,"0","127","00:03:18","0",,,,
"1","120","The way it is","Bruce Hornsby","120",,,"1","111","00:04:56","0",,,,"Alle"
"1","0","Du hast mich 1000mal belogen","Andrea Berg","327",,,,"116","00:04:00","0",,,,
"1","122","You shook me all night long","ACDC","122",,,"1","128","00:03:37","0",,,,
"1","123","U and your hand","Pink","123",,,"0","0","00:03:34","0",,,,
"1","124","Über den Wolken","Reinhardt May","124",,,"1","120","00:03:53","0",,,,
"1","125","Über sieben Brücken","Karat","125",,,"0","125","00:03:49","0",,,,
"1","126","Valerie","Amy Winehouse","126",,,"1","126","00:03:54","0",,,,
"1","127","Venus","Shocking Blue","127",,"e-moll","1","128","00:03:08","0",,,,"Gitarre"
"1","0","Who'll stop the rain","CCR","314",,,,"124","00:02:31","-1",,,,"Alle"
"1","129","Vom Selben Stern","Ich und Ich","129",,,"0","129","00:03:49","0",,,,
"1","130","Walk of live","Dire Straits","130","E-Dur",,"1","172","00:04:13","-1",,,,"Alle"
"1","132","Walking on sunshine","Katrina & The Waves","132",,"B-Dur","1","132","00:03:46","-1",,,,"Alle"
"1","133","Was wollen wir trinken","The Boots","133",,"a-moll","1","133","00:03:30","-1",,,,"Keys"
"1","134","We will rock you","Queen","134",,,"1","134","00:02:01","0",,,,"Drums"
"1","135","Highway to hell","ACDC","135",,,"1","116","00:03:28","-1","https://www.youtube.com/watch?v=l482T0yNkeo",,,"Gitarre"
"1","136","When you're gone","Byan Adams","136",,,"1","126","00:03:28","0",,,,
"1","0","Sultans of Swing","Dire Straites","324",,,,"148","00:05:46","0",,,,
"1","138","Who knew","Pink","138",,,"0","0","00:03:33","0",,,,
"1","141","Wicked Game","HIM","141",,,"0","120","00:04:03","0",,,,
"1","142","Willenlos","Marius Müller Westernhagen","142",,,"1","120","00:03:22","0",,,,"Gitarre"
"1","143","Willkommen","Rosenstolz ","143",,,"0","124","00:04:21","0",,,,
"1","144","Wish you were here","Pink Floyd","144",,"e-moll","0","122","00:05:06","-1",,,,"Gitarre"
"1","145","Yellow river","Christie","145",,,"0","130","00:02:31","0",,,,
"1","146","Yesterday man","Chris","146",,,"0","109","00:02:31","0",,,,
"1","147","You came","Kim Wilde","147",,,"1","127","00:03:12","0",,,,
"1","148","You really got me","Van Halen","148",,,"0","140","00:02:38","0",,,,
"1","149","Oh Jonny","Jan Delay","149",,,"1","91","00:02:58","-1","https://www.youtube.com/watch?v=kW7u7ptj-j4",,,"Alle"
"1","151","Lady in Black","Uriah Heep","151",,,"1","87","00:04:50","0",,,,"Alle"
"1","152","Satellite","Lena Meyer Landrut","152",,,"1","95","00:02:55","0",,,,"Alle"
"1","153","Pflaster","Ich und Ich","153",,,"0","144","00:03:25","0",,,,"Alle"
"1","154","Heavy Cross","The Gossip","154",,"e,d","1","120","00:04:10","-1","https://www.youtube.com/watch?v=5mQVljB7JGw",,,"Drum zÃ¤hlt vor"
"1","155","Ich sag nicht ja","Silly","155",,,"0","0","00:04:05","0",,,,"Gitarre"
"1","157","Question of time","Depeche Mode","157",,,"1","140","00:04:01","0",,,,"Alle"
"1","0","Uptown funk","Bruno Mars","396","d-moll",,,"115","00:00:00","-1","https://www.youtube.com/watch?v=OPf0YbXqDm0",,,"Keyboard + Drum"
"1","0","et jit kei Wood","Cat Ballou","391","A-Dur",,,"162","00:00:00","0","https://www.youtube.com/watch?v=VF6p-BGQcl4",,,"Alle"
"1","159","I love rock'n roll","Joan Jett","159",,,"0","95","00:02:00","0",,,,"Alle"
"1","160","All right now","Free","160",,,"0","121","00:05:34","0",,,,"Alle"
"1","161","Baby come back","Equals","161",,,"1","127","00:02:43","0",,,,"Gitarre"
"1","162","Whats up","For Non Blondes","162",,"A,h,D","1","135","00:04:55","-1",,,,"Acoustic"
"1","163","Verdamp lang her","Bap","163",,"G-Dur","1","143","00:06:00","0",,,,"Keys"
"1","164","Udo Jürgens Medley","Udo Jürgens","164",,,"1","164","00:05:00","0",,,,
"1","165","Never let me down again","Depeche Mode","165",,,"1","106","00:04:18","0",,,,"Alle"
"1","166","The power Of Love","Huey Lewis & the News","166",,,"1","119","00:03:54","0",,,,"Alle"
"1","168","Westerland","Ärzte","168",,,"0","168","00:03:39","-1",,,,"Alle"
"1","170","Billie Jean","Michael Jackson","170",,,"1","118","00:04:55","0",,,,"Alle"
"1","171","Farbfilm","Nina Hagen","171",,,"0","101","00:03:04","-1",,,,"Alle"
"1","172","Nossa Ai se te pego","Michel Telo","172",,,"0","0","00:02:40","0",,,,"Gitarre"
"1","174","Englishman in New York","Sting","174",,,"0","0","00:04:00","0",,,,"Alle"
"1","175","Diese Tage","Kris feat.Dante Thomas","175",,,"0","0","00:03:26","0",,,,"Gitarre"
"1","176","Another brick in the wall","Pink Floyd","176","d-moll","d-moll","0","104","00:03:40","0","https://www.youtube.com/watch?v=34ZmKbe5oG4",,,"Gitarre"
"1","177","Something in the water","Brook Fraser","177",,,"0","122","00:03:04","-1",,,,"Gesang"
"1","178","Relax","Frankie goes to Hollywood","178",,,"0","0","00:03:56","0",,,,"Alle"
"1","179","Call me Maybe","Carly Rae Jespen","179","G",,"0","120","00:03:14","-1","https://www.youtube.com/watch?v=fWNaR-rxAic",,,
"1","180","Price Tag","Jessy J.","180",,,"0","88","00:04:15","-1","https://www.youtube.com/watch?v=qMxX-QOV9tI",,,"Drums"
"1","181","I follow rivers","Lykke Li","181",,,"0","0","00:04:40","0",,,,
"1","182","Love is in the air","John Paul Young","182",,,"0","122","00:03:28","-1","https://www.youtube.com/watch?v=58T0NlhNweA",,,"Alle"
"1","183","Andrea Doria","Udo Lindenberg","183",,,"0","0","00:03:41","0",,,,"Alle"
"1","184","I Couldnt care less","Leslie Clio","184",,,"0","0","00:03:22","0",,,,"Keys"
"1","185","Einmal um die Welt","Cro","185",,,"0","0","00:02:33","0",,,,
"1","186","Move in the right direction","Gossip","186",,,"0","127","00:03:00","0","https://www.youtube.com/watch?v=12zPU-8bsTE",,,"Alle"
"1","187","Blurred Lines","Robin Thicke feat. Pharrell Williams","187",,,"0","0","00:04:34","0",,,,"Alle"
"1","188","Get lucky","Daft Punk feat. Pharrell Williams","188",,"h-moll7, D","0","116","00:03:30","-1","https://www.youtube.com/watch?v=h5EofwRzit0",,,"Alle"
"1","189","Boat on the river","Styx","189",,,"0","88","00:03:11","0",,,,"Alle"
"1","190","This Boots Are Made for Walking","Nancy Sinatra","190",,,"0","166","00:02:44","0",,,,"Alle"
"1","191","Hey Ho","Lumineers","191",,,"0","0","00:02:43","0",,,,
"1","192","Lifesaver","Sunrise Avenue","192",,,"0","148","00:03:58","0","https://www.youtube.com/watch?v=6CB1iryKRX4",,,"Alle"
"1","193","Sex on fire","Kings of Leon","193",,,"0","153","00:03:26","0",,,,"Alle"
"1","194","Beds Are Burning","Midnight Oil","194",,,"0","119","00:04:36","-1","https://www.youtube.com/watch?v=ejorQVy3m8E",,,"Alle"
"1","195","Paint it black","Jewel","195",,,"0","0","00:03:33","0",,,,"Alle"
"1","196","Blueprint","Rainbirds","196",,,"0","0","00:05:31","0",,,,
"1","197","Applaus Applaus","Sportfreunde Stiller","197",,,"0","91","00:03:10","0","https://www.youtube.com/watch?v=GSfpDlN8Fyg",,,"Gitarre"
"1","198","Easy Lover","Phil Collins","198",,,"0","133","00:04:44","-1","https://www.youtube.com/watch?v=2aJ2Vh_e2dQ",,,"Alle"
"1","199","Come together","Beatles","199",,,"0","85","00:04:19","0",,,,"Alle"
"1","200","Folsom prison blues","Johnny Cash","200",,,"0","100","00:03:00","0",,,,"Alle"
"1","201","Funky town","Lipps inc.","201",,,"0","0","00:03:52","0",,,,"Alle"
"1","202","Another cup of coffee","Mike and the mechanics","202",,,"0","0","00:04:00","0",,,,
"1","203","Alles rot","Silly","203",,,"0","90","00:05:19","0","https://www.youtube.com/watch?v=Y9NwsE7Kt-A",,,"Gitarre"
"1","204","500 Miles","Proclaimers","204",,,"0","132","00:03:35","-1","https://www.youtube.com/watch?v=tM0sTNtWDiI",,,"Gitarre"
"1","205","About that bass","Maghan Trainor","205",,,"0","134","00:03:09","-1","https://www.youtube.com/watch?v=7PCkvCPvDXk",,,"5 VorzÃ¤hler Drum "
"2","0","Sonne in der Nacht","Peter Maffay","206","C",,,"110","00:03:22","-1",,,,
"2","0","Country Roads","John Denver","207",,,,"173","00:04:18","-1",,,,
"2","0","Willenlos","Westernhagen","208",,,,"120","00:03:25","-1",,,,
"2","0","Aloa hee","Achim Reichel","209",,,,"110","00:04:04","-1",,,,
"2","0","Rocking all over the world","Status Quo","210",,,,"131","00:02:45","-1",,,,
"2","0","Jugendliebe","Ute Freudenberg","211",,,,"0","00:04:44","-1",,,,
"1","0","You can't hurry love","Phil Collins","318",,,,"195","00:02:51","-1",,,,
"1","0","Bakerstreet","Gerry Refferty","267",,,,"0","00:04:21","0",,,,
"1","0","Verdammt ich lieb dich","Matthias Reim","317",,,,"20","00:03:41","0",,,,
"1","0","Far Far away","Slade","261",,,,"0","00:03:28","0",,,,
"1","0","Ghostbusters","Pay Parker Jr.","212",,,,"0","00:04:05","0",,,,"Alle"
"1","0","Girls just wanna have fun","Cindy Lauper","213",,,,"120","00:03:49","0","https://www.youtube.com/watch?v=PIb6AZdTr-A",,,"Alle"
"1","0","Go your own way","Fleetwood Mac","214",,,,"136","00:03:43","-1","https://www.youtube.com/watch?v=6ul-cZyuYq4",,,"Gitarre"
"1","0","Happy","Pharell Williams","215",,,,"0","00:03:51","0",,,,"Alle"
"1","0","I can't dance","Genesis","217",,,,"0","00:03:58","0",,,,"Alle"
"1","0","Jesus he knows me","Genesis","219",,,,"190","00:04:18","-1","https://www.youtube.com/watch?v=35K6vQRt67g",,,"Keys"
"1","0","Jonny B","The Hooters","220",,,,"91","00:03:58","-1","https://www.youtube.com/watch?v=YKy4riaOBMk",,,"Floete"
"1","0","Lady marmalade","Christina","222",,,,"0","00:04:26","0",,,,"Alle"
"1","0","Last Time","Rolling Stones","223",,,,"168","00:03:40","0",,,,"Gitarre"
"1","0","Like a virgin","Madonna","224",,"Duo",,"120","00:03:39","-1","https://www.youtube.com/watch?v=s__rX_WL100",,,"Bass"
"1","0","Maneater","Hall & Oates","225",,,,"0","00:04:34","0",,,,"Alle"
"1","0","Manic Monday","Bangels","226",,,,"122","00:03:06","-1","https://www.youtube.com/watch?v=SsmVgoXDq2w",,,"Alle"
"1","0","Message in a bottle","The Police","227",,,,"151","00:04:49","0",,,,"Alle"
"1","0","Rebell Yell","Billy Idol","228",,,,"166","00:04:45","0",,,,"Alle"
"1","0","Sharp dressed man","ZZ Top","229",,,,"125","00:04:10","0",,,,"Alle"
"1","0","Learning to fly","Tom Petty","326",,,,"117","00:04:00","0",,,,
"1","0","She moves","Alle Farben","231",,,,"117","00:03:19","-1",,,,"Alle"
"1","0","Urgent","Foreigner","232",,,,"115","00:03:51","0",,,,
"1","0","Whole lotta love","Led Zeppelin","233",,,,"181","00:05:35","0",,,,
"1","0","Mrs. Robinson","Simon & Carfunkel","274",,,,"182","00:03:55","0","https://www.youtube.com/watch?v=9C1BCAgu2I8",,,
"3","0","2 dicke Jacken",,"235",,,,"0","00:00:00","-1",,,,
"3","0","2 Schneehosen","Rainer. 1 Hose für Bebe","236",,,,"0","00:00:00","-1",,,,
"3","0","2 Paar Handschuhe","Rochus","237",,,,"0","00:00:00","-1",,,,
"3","0","2 Westen","Maik nur eine!","238",,,,"0","00:00:00","-1",,,,
"3","0","2 Rucksäcke","Karsten","239",,,,"0","00:00:00","-1",,,,
"3","0","2 Mützen","Karsten","240",,,,"0","00:00:00","-1",,,,
"3","0","2 Schals","Rainer","241",,,,"0","00:00:00","-1",,,,
"3","0","2 Paar Skier ","Rochus","242",,,,"0","00:00:00","-1",,,,
"3","0","Straßenkegel ","Maik","243",,,,"0","00:00:00","-1",,,,
"3","0","Kunstbäume",,"244",,,,"0","00:00:00","-1",,,,
"3","0","Spezialität Nordhäuser Doppelkorn","Maik","246",,,,"0","00:00:00","-1",,,,
"3","0","Thüringer Wurst, Dingslebener Sen","Gunter","247",,,,"0","00:00:00","0",,,,
"1","0","Jolene","The Boss Hoss","329",,,,"110","00:03:30","0","https://www.youtube.com/watch?v=Iw9b5pZ2g5o",,,"Alle"
"3","0","Halberstädter Würst., Brockenspli","Rainer","249",,,,"0","00:00:00","-1",,,,
"3","0","Spezialität Schierker Feuerstein","Rochus","250",,,,"0","00:00:00","-1",,,,
"3","0","Freiberger Bier, sächs. Quarkkeul","Karsten","252",,,,"0","00:00:00","-1",,,,
"3","0","Thür. Wurstspezialitäten, Dingsle","Gunter","253",,,,"0","00:00:00","-1",,,,
"3","0","2 Paar Stöcke","Rochus","254",,,,"0","00:00:00","-1",,,,
"3","0","2 Paar Stöcke","Rochus","255",,,,"0","00:00:00","0",,,,
"1","0","Down Under","Men At Work","256",,,,"106","00:03:46","-1","https://www.youtube.com/watch?v=XfR9iY5y94s",,,"Drum "
"1","0","Batallion d'amour","Silly","257",,,,"0","00:04:53","0",,,,
"1","0","Eine Nacht","Stern Meißen","258",,,,"118","00:03:16","0",,,,"Alle"
"1","0","Country Roads","Hermes House Band","264",,,,"130","00:03:06","-1","https://www.youtube.com/watch?v=1vrEljMfXYo",,,"Gitarre"
"3","0","2 Mützen","Gunter","260",,,,"0","00:00:00","-1",,,,
"1","0","I shoot the sheriff","Eric Clapton","266",,,,"0","00:04:27","0",,,,
"1","0","Little Talks","Of Monsters and men","325",,,,"208","00:04:30","0","https://www.youtube.com/watch?v=ghb6eDopW8I",,,"Alle"
"1","0","With or without you","U2","271",,,,"110","00:04:49","0",,,,
"1","0","Like a hurricane","Neil Young","272",,,,"114","00:08:14","0",,,,
"1","0","Heart of Gold","Neil Young","273",,,,"0","00:04:00","0",,,,
"1","0","Jump","Van Halen","275",,,,"130","00:04:02","0",,,,
"1","0","Stumlin in","Suzi Quadro Chris Norman","276",,"a-moll",,"130","00:04:02","0",,,,"XX"
"1","0","Time to wonder","Fury in the slaugherhouse","277",,,,"115","00:06:00","0",,,,
"1","0","Enjoy the silence ","Depeche Mode","280",,,,"112","00:04:27","0",,,,
"1","0","Heut Abend hab ich Kopfweh ","Ireen sheer ","281",,"Duo",,"125","00:03:51","0",,,,
"1","0","Leutturm ","Nena ","282",,"Duo",,"115","00:04:19","0",,,,
"1","0","Millionen Lichter ","Christina Stï¿½rmer ","283",,,,"128","00:03:38","-1","https://www.youtube.com/watch?v=UD32WUhdNIU",,,"Alle"
"1","0","Diamonds ","Rihanna ","284",,"Duo",,"92","00:03:49","0",,,,
"1","0","Er gehoert zu mir","Marianne Rosenberg ","285",,"Duo",,"131","00:03:00","0",,,,
"1","0","Funhouse ","Pink","286",,"Duo",,"104","00:03:26","0",,,,
"1","0","Euphoria ","Loreen ","287",,"Duo",,"132","00:03:00","0",,,,
"1","0","Bakerman ","Laid back","288",,"Duo",,"121","00:03:52","0",,,,
"1","0","Dancing Queen ","Abba","290",,,,"100","00:03:31","0",,,,
"1","0","I knew you were troubble Walk in","Taylor swift","291",,"Duo",,"154","00:03:38","0",,,,
"1","0","I Love it ","Icona pop ","292",,"Duo",,"126","00:02:34","0",,,,
"1","0","Ich will immer wieder dieses ...","Helene","293",,,,"121","00:03:29","0",,,,
"1","0","Im Wagen vor mir","Uschi Henry valentino ","294",,"Duo",,"94","00:03:29","0",,,,
"1","0","Lights ","Elli golding ","295",,"Duo",,"120","00:03:33","0",,,,
"1","0","Like a prayer ","Madonna ","296",,"Duo",,"112","00:05:51","0",,,,
"1","0","Smells like teen spirit","Nirvana","297",,"f-moll",,"117","00:05:01","-1","https://www.youtube.com/watch?v=hTWKbfoikeg",,,"Gitarre"
"1","0","Mitten im Paradies ","Helene","298",,"Duo",,"119","00:03:28","0",,,,
"1","0","Moviestar ","Harpo ","299",,,,"119","00:03:13","0",,,,
"1","0","Phänomen ","Helene","301",,"Duo",,"127","00:03:57","0",,,,
"1","0","Liebe ist alles","Rosenstolz ","302",,"Duo",,"90","00:03:32","0",,,,
"1","0","SOS","ABBA ","303",,"Duo",,"124","00:03:22","0",,,,
"1","0","Schatzi schenk mir ein Foto ","Mickie Krause ","304",,"Duo",,"140","00:03:25","0",,,,
"1","0","Self Control ","Laura Brannigon","305",,,,"107","00:04:07","0",,,,
"1","0","Stimmen im wind","Juliane werding ","306",,"Duo",,"116","00:03:13","0",,,,
"1","0",,,"307",,,,"0","00:00:00","0",,,,
"1","0","Thank You for the Music ","ABBA ","308",,,,"100","00:03:51","0",,,,
"1","0","Try ","Pink","309",,,,"104","00:04:06","0",,,,
"1","0","Und morgen frueh kuess ich dich","Helene","310",,"Duo",,"119","00:03:52","0",,,,
"1","0","Von hier bis unendlich","Helene","312",,"Duo",,"118","00:03:44","0",,,,
"1","0","Ich will keine Schokolade","Trude Herr","315",,,,"160","00:02:26","0",,,,
"1","0","Achy Breaky Heart","Billy Ray Curus","316",,,,"122","00:03:24","0",,,,
"1","0","Breakfast at tiffanys","Deep blue something","319",,,,"110","00:03:00","0","https://www.youtube.com/watch?v=1ClCpfeIELw",,,
"1","0","Steamy window","Tina Turner","320",,,,"134","00:04:00","0",,,,"Alle"
"1","0","Das Beste","Silbermond","322","C-Dur","C-Dur",,"112","00:04:00","0","https://www.youtube.com/watch?v=LyYAQHDMqfA",,,
"1","0","Time After Time","Cindy Lauper","323",,,,"131","00:04:00","0",,,,
"1","0","Still of the night","Whitesnake","328",,,,"100","00:06:26","0",,,,"XX"
"1","0","XXXXXXXXXXXXXX",,"330",,,,"0","00:00:00","-1",,,,
"1","0","XXXXXXXXXXXXXX",,"331",,,,"0","00:00:00","-1",,,,
"1","0","XXXXXXXXXXXXXX",,"332",,,,"0","00:00:00","-1",,,,
"1","0","La Grange","ZZ Top","333",,,,"161","00:03:56","-1","https://www.youtube.com/watch?v=6CB1iryKRX4",,,"Gitarre"
"1","0","We found love","Rihanna","334",,,,"128","00:03:35","0",,,,"XX"
"1","0","Reality ","Lost Frequencies","335",,,,"0","00:03:00","0",,,,
"1","0","Ex's &amp; Oh's","Elle King","336",,,,"140","00:03:00","-1","https://www.youtube.com/watch?v=0uLI6BnVh6w",,,"Alle"
"1","0","Coole Socke","Udo Lindenberg","338",,,,"120","00:04:00","0",,,,
"1","0","Z U G A B E N",,"339",,,,"0","00:00:00","-1",,,,
"1","0","Follow you","Genesis","340",,,,"95","00:03:50","-1","https://www.youtube.com/watch?v=DyDRXbP1MaY",,,"Alle"
"1","0","Lost on you","LP","341",,,,"88","00:04:28","0","https://www.youtube.com/watch?v=hn3wJ1_1Zsg",,,
"1","0","Little Lies","Fleetwood mac","342",,,,"125","00:03:38","-1","https://www.youtube.com/watch?v=e5HkuhSEnPQ",,,"Alle"
"1","0","Narcotic","Liquido","343",,,,"102","00:03:40","-1","https://www.youtube.com/watch?v=PJ7E40Ec5ec",,,"Keyboards"
"1","0","Schleimer","Bartlos","344",,,,"80","00:03:10","0",,,,
"1","0","Komm doch mit zu nem Ritt ","Amor und die Kids","345",,,,"75","00:04:41","0","https://www.youtube.com/watch?v=npAcfBSW2Ws",,,
"1","0","Smooth criminal","Alien ant farm","346",,,,"127","00:03:00","0",,,,
"1","0","Solsbury Hill","Peter Gabriel","347",,,,"105","00:04:00","-1",,,,"Alle"
"1","0","Thunderstruck","ACDC","348",,,,"133","00:04:59","0",,,,
"1","0","TNT","ACDC","349",,,,"127","00:03:31","0",,,,
"1","0","No roots","Alice Merton","350","116",,,"116","00:04:00","-1","https://www.youtube.com/watch?v=PUdyuKaGQd4",,,"Bass"
"1","0","Shape of you","Ed Sheeran","351","cis moll","cis,  fis,",,"96","00:04:20","-1",,,,"Key D104"
"1","0","like the way I do","Melissa Etheridge","352","d-moll",,,"102","00:05:26","-1","https://www.youtube.com/watch?v=WXSiRhn2YOo",,,"Gitarre"
"1","0","Wonderwall","Oasis","353","F#moll","f#moll",,"88","00:04:00","0",,,,"Acoustic Git D105"
"1","0","Sledge Hammer","Peter Gabriel","354","C",,,"96","00:04:40","-1","https://www.youtube.com/watch?v=g93mz_eZ5N4",,,"Key D107"
"1","0","It's a long way to to the to","ACDC","355","Bb Dur",,,"137","00:05:19","0","https://www.youtube.com/watch?v=-sUXMzkh-jI",,,"Alle"
"1","0","Beast of Burden","Bette Middler","356","E Dur",,,"105","00:03:53","-1","https://www.youtube.com/watch?v=Qp_eipTU7VQ",,,"Alle"
"1","0","Stop lovin you","Toto","357",,,,"102","00:03:00","-1",,,,"Alle D109"
"1","0","Toy","Netta","359",,,,"130","00:03:00","0","https://www.youtube.com/watch?v=CziHrYYSyPc",,,"Key D111"
"1","0","Ring of fire","H-Blocks","360",,,,"0","00:03:00","0","https://www.youtube.com/watch?v=C7nMlnx7kL8",,,"Alle D110"
"1","0","Hang on sloopy","MaCoys","361","F-Dur",,,"116","00:03:00","0","https://www.youtube.com/watch?v=TlTKhPkZSJo",,,"Drum"
"1","0","Just like fire","Pink","362",,,,"0","00:04:00","0",,,,"Alle"
"1","0","Havana","Camila Cabello","363",,,,"105","00:03:00","0",,,,"Klavier"
"1","0","September","Earth wind and Fire","364",,,,"130","00:03:00","-1","https://www.youtube.com/watch?v=A2O_vyho1qw",,,"Alle"
"1","0","so soll es bleiben","ich und ich","365",,,,"112","00:04:00","0","https://www.youtube.com/watch?v=4VPpzhb0zMQ",,,"Key Spencer"
"1","0","XXXXXXXXXXXXXX",,"366",,,,"0","00:00:00","-1",,,,
"1","0","Pocahontas","Annenmay Kantereit","367","C-Dur",,,"119","00:03:00","-1","https://www.youtube.com/watch?v=0_lFIV0ad3w",,,"Gitarre"
"1","0","Ship to wreck","Florence and the Maschine","368","Am",,,"142","00:04:00","-1","https://www.youtube.com/watch?v=7vKM-Qlc-uw",,,"Klick"
"1","0",,,"390",,,,"0","00:00:00","0",,,,
"1","0","Viva Colonia","De HÃ¶hner","371","G-Dur",,,"128","00:03:00","0",,,,"Alle"
"1","0","I Just cant get enough","Depeche Mode","387","G",,,"128","00:03:00","-1",,,,"Klick"
"1","0","EU Lied","Einmarsch","372","B-Dur",,,"0","00:00:00","0",,,,"Alle Es,B,F,B 2x"
"1","0","Paradise","George Ezra","388","H-Dur",,,"138","00:03:00","-1",,,,"Gitarre"
"1","0","Alohahe","Einmarsch","373",,,,"0","00:00:00","0",,,,"Alle a,C,G"
"1","0","Luka","Suzanne Vega","374","G",,,"125","00:04:00","-1","https://www.youtube.com/watch?v=VZt7J0iaUD0",,,"Key G,D,C (e-moll)"
"1","0","Aber bitte mit Sahne","Einmarsch","375",,,,"0","00:00:00","0",,,,"Piano F,B"
"1","0","Oh wie ist das schÃ¶n","Publikum","376","F",,,"0","00:00:00","0",,,,"F,B,C,F,d,g,C,F"
"1","0","Supergeile Zick","Publikum","377",,,,"0","00:00:00","0",,,,"g,c,F,B-c,g,D,g"
"1","0","Satisfaction","Einmarsch","378",,,,"0","00:00:00","0",,,,
"1","0","Jump ","Van Halen","379","C",,,"130","00:04:00","-1","https://www.youtube.com/watch?v=SwYN7mTi6HM",,,"Key C-Dur"
"1","0","Layla","Einmarsch","380",,,,"0","00:00:00","-1",,,,"Git d,B,C,d"
"1","0","Cocain","Einmarsch","381",,,,"0","00:00:00","-1",,,,"Alle E,D"
"1","0","Seven nation","Einmarsch","382",,,,"0","00:00:00","0",,,,
"1","0","Hold the line","Toto","383","fis-moll",,,"100","00:04:30","-1","https://www.youtube.com/watch?v=ibxxkNRumN4",,,"Alle"
"1","0","I wanna dance with somebody","Whitney Houston","384","Fis",,,"119","00:05:00","0","https://www.youtube.com/watch?v=zbLjJ6x2Hgs",,,"Alle"
"1","0","Adventure of lifetime","Coldplay","385","a-moll",,,"118","00:04:24","-1","https://www.youtube.com/watch?v=QtXby3twMmI",,,"Klick"
"1","0","Joyride","Roxette","386","A-Dur",,,"105","00:03:57","-1","https://www.youtube.com/watch?v=xCorJG9mubk",,,"Bass"
"1","0","Zombie","Cranberrys","389","e-moll",,,"85","00:05:00","-1","https://www.youtube.com/watch?v=6Ejga4kJUts",,,"Gitarre"
"1","0","Jingle Bells","Broken Peach","392",,,,"0","00:03:00","0","https://www.youtube.com/watch?v=MTmnWtgkMRY",,,"Piano D,G,D,E,A-D,G,D,A,G,D"
"1","0","Poison","Alice Cooper","393","d-moll",,,"120","00:04:00","-1",,,,"Alle"
"1","0","Here for the Party","Gretchen Willson","394","D",,,"125","00:03:00","-1",,,,"Gitarre"
"1","0","Sweet dreams","eurithmics","395",,"c-moll",,"126","00:04:00","-1",,,,"Alle"
"1","0","An guten Tagen","Johannes Oerding","397",,,,"128","00:03:00","-1",,,,
"1","0","Black velvet","Alannah Myles","398","e-moll",,,"91","00:00:00","-1","https://www.youtube.com/watch?v=tT4d1LQy4es",,,
