"1","198","1","1","1"
"1","3","1","2","1"
"1","188","1","3","1"
"1","41","1","4","1"
"1","56","1","5","1"
"1","127","1","6","1"
"1","226","1","7","1"
"1","194","1","8","1"
"1","214","1","9","1"
"1","14","1","10","1"
"1","213","1","11","1"
"1","205","2","1","1"
"1","231","2","2","1"
"1","72","2","3","1"
"1","180","2","4","1"
"1","20","2","5","1"
"1","82","2","6","1"
"1","98","2","7","1"
"1","110","2","8","1"
"1","204","2","9","1"
"1","70","2","10","1"
"1","200","2","11","1"
"1","203","3","1","1"
"1","224","3","2","1"
"1","112","3","3","1"
"1","170","3","4","1"
"1","46","3","5","1"
"1","21","3","6","1"
"1","132","3","7","1"
"1","154","3","8","1"
"1","168","3","9","1"
"1","26","3","10","1"
"1","135","3","11","1"
"1","171","3","12","1"
"1","30","4","1","1"
"1","73","4","2","1"
"1","228","4","3","1"
"1","220","4","4","1"
"1","71","4","5","1"
"1","62","4","6","1"
"1","177","4","7","1"
"1","186","4","8","1"
"1","107","4","9","1"
"1","130","4","10","1"
"1","199","4","11","1"
"1","163","5","1","1"
"1","219","5","2","1"
"1","225","5","3","1"
"1","29","5","4","1"
"1","190","5","5","1"
"1","36","5","6","1"
"1","193","5","7","1"
"1","144","5","8","1"
"1","182","6","1","1"
"1","142","6","2","1"
"1","94","6","3","1"
"1","53","6","4","1"
"1","9","6","5","1"
"1","57","6","6","1"
"1","19","6","7","1"
"1","37","6","8","1"
"1","6","6","9","1"
"1","189","6","10","1"
"1","39","6","11","1"
"1","51","6","12","1"
"1","192","6","13","1"
"1","197","6","14","1"
"2","41","1","11","1"
"2","231","2","1","1"
"2","188","1","2","1"
"2","53","1","9","1"
"2","205","2","2","1"
"2","51","1","6","1"
"2","70","1","8","1"
"2","182","1","10","1"
"2","198","1","1","1"
"2","170","2","8","1"
"2","213","1","7","1"
"2","56","1","5","1"
"2","71","2","7","1"
"2","62","2","5","1"
"2","98","1","4","1"
"2","192","1","3","1"
"2","9","2","3","1"
"2","214","2","9","1"
"2","224","2","10","1"
"2","57","2","4","1"
"2","72","2","11","1"
"2","94","2","6","1"
"2","203","3","1","1"
"2","171","3","4","1"
"2","30","3","5","1"
"2","73","3","6","1"
"2","220","3","7","1"
"2","194","3","8","1"
"2","226","3","9","1"
"2","82","4","1","1"
"2","29","4","2","1"
"2","107","4","3","1"
"2","21","4","4","1"
"2","204","4","5","1"
"2","14","4","6","1"
"2","168","4","7","1"
"2","132","4","8","1"
"2","135","4","9","1"
"2","228","4","10","1"
"2","26","4","11","1"
"2","20","5","1","1"
"2","154","5","2","1"
"2","219","5","3","1"
"2","186","5","4","1"
"2","180","5","5","1"
"2","177","5","6","1"
"2","112","5","7","1"
"2","127","5","8","1"
"2","130","5","9","1"
"2","46","5","10","1"
"2","199","5","11","1"
"2","144","5","12","1"
"2","110","5","13","1"
"2","162","5","14","1"
"2","197","5","15","1"
"2","256","2","12","1"
"2","257","3","2","1"
"2","258","3","3","1"
"6","9","1","1","1"
"6","21","1","2","1"
"6","29","1","3","1"
"6","46","1","4","1"
"6","51","1","5","1"
"6","56","1","6","1"
"6","57","1","7","1"
"6","82","1","8","1"
"6","98","1","9","1"
"6","135","1","10","1"
"6","154","1","11","1"
"6","186","1","12","1"
"6","171","1","13","1"
"6","177","2","14","1"
"6","180","1","15","1"
"6","203","1","16","1"
"6","213","1","17","1"
"6","224","1","18","1"
"6","226","1","19","1"
"6","205","1","20","1"
"6","231","1","21","1"
"6","132","1","22","1"
"6","127","1","23","1"
"6","162","1","24","1"
"6","72","1","25","1"
"7","197","5","15","1"
"7","162","5","14","1"
"7","110","5","13","1"
"7","144","5","12","1"
"7","199","5","11","1"
"7","46","5","10","1"
"7","130","5","9","1"
"7","127","5","8","1"
"7","112","5","7","1"
"7","177","5","6","1"
"7","180","5","5","1"
"7","186","5","4","1"
"7","219","5","3","1"
"7","154","5","2","1"
"7","20","5","1","1"
"7","26","4","11","1"
"7","228","4","10","1"
"7","135","4","9","1"
"7","132","4","8","1"
"7","168","4","7","1"
"7","14","4","6","1"
"7","204","4","5","1"
"7","21","4","4","1"
"7","107","4","3","1"
"7","29","4","2","1"
"7","82","4","1","1"
"7","226","3","9","1"
"7","194","3","8","1"
"7","220","3","7","1"
"7","73","3","6","1"
"7","30","3","5","1"
"7","171","3","4","1"
"7","258","3","3","1"
"7","257","3","2","1"
"7","203","3","1","1"
"7","256","2","12","1"
"7","72","2","11","1"
"7","224","2","10","1"
"7","214","2","9","1"
"7","170","2","8","1"
"7","71","2","7","1"
"7","94","2","6","1"
"7","62","2","5","1"
"7","57","2","4","1"
"7","9","2","3","1"
"7","205","2","2","1"
"7","231","2","1","1"
"7","192","1","3","1"
"7","41","1","11","1"
"7","182","1","10","1"
"7","53","1","9","1"
"7","70","1","8","1"
"7","56","1","5","1"
"7","51","1","6","1"
"7","213","1","7","1"
"7","188","1","2","1"
"7","98","1","4","1"
"7","198","1","1","1"
"8","204","1","17","1"
"8","203","1","20","1"
"8","20","1","3","1"
"8","170","1","5","1"
"8","256","1","6","1"
"8","258","1","21","1"
"8","29","1","7","1"
"8","200","1","25","1"
"8","154","1","22","1"
"8","214","1","19","1"
"8","213","1","12","1"
"8","220","1","4","1"
"8","46","1","8","1"
"8","219","1","24","1"
"8","224","1","15","1"
"8","275","1","16","1"
"8","274","1","11","1"
"8","228","1","18","1"
"8","112","1","26","1"
"8","163","1","30","1"
"8","278","1","9","1"
"8","144","1","28","1"
"8","205","1","2","1"
"8","231","1","1","1"
"8","198","1","10","1"
"8","272","1","27","1"
"8","168","1","23","1"
"15","177","5","2","1"
"15","39","5","3","1"
"15","186","5","4","1"
"15","278","5","5","1"
"13","144","3","15","1"
"13","203","3","16","1"
"72","194","1","33","1"
"71","130","1","72","1"
"18","314","2","7","1"
"18","278","4","3","1"
"18","276","2","4","1"
"18","275","4","1","1"
"18","274","3","1","1"
"18","256","1","10","1"
"18","231","1","5","1"
"18","228","3","4","1"
"18","226","2","3","1"
"18","224","3","7","1"
"18","220","4","10","1"
"18","219","3","2","1"
"18","214","2","5","1"
"18","213","3","6","1"
"18","205","1","6","1"
"18","204","4","11","1"
"18","203","2","1","1"
"18","200","5","8","1"
"18","194","4","8","1"
"18","192","1","8","1"
"18","188","1","4","1"
"18","182","1","3","1"
"18","180","5","3","1"
"18","177","1","2","1"
"18","170","4","9","1"
"18","168","5","4","1"
"18","154","4","4","1"
"18","26","5","11","1"
"18","135","5","9","1"
"18","132","4","2","1"
"18","127","2","10","1"
"18","112","3","8","1"
"18","110","5","5","1"
"18","107","4","12","1"
"18","98","1","9","1"
"18","82","5","1","1"
"18","73","4","7","1"
"18","72","2","8","1"
"18","71","2","6","1"
"18","56","2","9","1"
"18","51","3","3","1"
"18","46","5","6","1"
"18","41","1","1","1"
"18","36","5","7","1"
"18","30","4","6","1"
"18","29","3","5","1"
"86","132","4","9","1"
"86","130","5","7","1"
"86","127","4","10","1"
"86","110","5","5","1"
"86","107","5","4","1"
"86","102","4","7","1"
"86","98","1","9","1"
"86","82","4","4","1"
"86","73","3","4","1"
"86","72","1","7","1"
"86","71","1","11","1"
"86","62","3","5","1"
"86","51","2","8","1"
"86","46","4","3","1"
"86","39","2","2","1"
"86","29","3","7","1"
"86","26","5","2","1"
"86","21","3","8","1"
"86","20","4","11","1"
"86","14","5","8","1"
"81","20","4","11","1"
"81","358","6","4","1"
"81","144","6","3","1"
"81","162","6","2","1"
"81","339","6","1","1"
"81","127","4","10","1"
"81","368","4","2","1"
"13","20","1","18","1"
"12","41","1","1","1"
"12","214","2","5","1"
"12","188","1","4","1"
"12","231","1","5","1"
"12","205","1","6","1"
"12","20","1","7","1"
"12","192","1","8","1"
"12","98","1","9","1"
"12","256","1","10","1"
"12","203","2","1","1"
"12","9","2","2","1"
"12","226","2","3","1"
"12","276","2","4","1"
"12","71","2","6","1"
"12","182","1","3","1"
"18","14","3","3","1"
"12","72","2","8","1"
"12","56","2","9","1"
"12","127","2","10","1"
"12","219","3","1","1"
"12","14","3","2","1"
"12","51","3","3","1"
"12","228","3","4","1"
"12","274","3","5","1"
"12","29","3","6","1"
"12","213","3","7","1"
"12","224","3","8","1"
"12","112","3","9","1"
"12","275","4","1","1"
"12","132","4","2","1"
"12","278","4","3","1"
"12","154","4","4","1"
"18","9","2","2","1"
"12","30","4","6","1"
"12","73","4","7","1"
"12","194","4","8","1"
"12","170","4","9","1"
"12","220","4","10","1"
"12","204","4","11","1"
"12","107","4","12","1"
"12","82","5","1","1"
"12","21","5","2","1"
"12","180","5","3","1"
"12","168","5","4","1"
"12","110","5","5","1"
"12","46","5","6","1"
"12","36","5","7","1"
"12","200","5","8","1"
"12","135","5","9","1"
"12","144","5","10","1"
"13","274","2","1","1"
"13","224","2","2","1"
"13","226","2","3","1"
"13","276","2","4","1"
"13","9","2","5","1"
"13","182","2","6","1"
"13","110","2","7","1"
"13","70","2","8","1"
"13","228","2","9","1"
"13","135","2","10","1"
"13","107","2","11","1"
"13","168","2","12","1"
"13","170","2","13","1"
"13","231","2","14","1"
"13","205","2","15","1"
"13","204","2","16","1"
"13","154","2","17","1"
"13","46","3","1","1"
"13","198","3","2","1"
"13","188","3","3","1"
"13","72","3","4","1"
"13","132","3","5","1"
"13","278","3","7","1"
"13","112","3","7","1"
"13","127","3","6","1"
"13","213","3","8","1"
"13","219","3","9","1"
"13","192","3","10","1"
"13","71","3","11","1"
"13","180","3","12","1"
"13","82","3","13","1"
"13","163","3","14","1"
"18","21","5","2","1"
"18","20","1","7","1"
"12","314","2","7","1"
"12","177","1","2","1"
"15","182","1","1","1"
"15","226","1","2","1"
"15","9","1","3","1"
"15","57","1","4","1"
"15","188","1","5","1"
"15","231","1","6","1"
"15","205","1","7","1"
"15","71","1","10","1"
"15","20","1","11","1"
"15","198","2","1","1"
"15","51","2","2","1"
"15","213","2","6","1"
"15","170","2","4","1"
"15","224","2","7","1"
"15","228","2","5","1"
"15","29","2","9","1"
"15","219","2","11","1"
"15","220","2","10","1"
"15","132","2","8","1"
"15","203","3","1","1"
"15","30","3","2","1"
"15","73","3","3","1"
"15","258","3","6","1"
"15","171","3","5","1"
"15","62","3","4","1"
"15","26","3","7","1"
"15","82","3","8","1"
"15","127","3","10","1"
"15","56","3","9","1"
"15","194","4","1","1"
"15","256","4","2","1"
"15","214","4","3","1"
"15","154","4","4","1"
"15","204","4","5","1"
"15","107","4","6","1"
"15","275","4","7","1"
"15","21","4","8","1"
"15","168","4","9","1"
"15","14","4","10","1"
"15","274","4","11","1"
"15","135","4","12","1"
"15","180","5","1","1"
"13","73","1","17","1"
"13","186","1","16","1"
"13","214","1","15","1"
"13","193","1","14","1"
"13","26","1","13","1"
"13","220","1","12","1"
"13","57","1","11","1"
"13","171","1","10","1"
"13","258","1","9","1"
"13","62","1","8","1"
"13","51","1","7","1"
"13","29","1","6","1"
"13","36","1","5","1"
"13","14","1","4","1"
"13","194","1","3","1"
"13","256","1","2","1"
"13","275","1","1","1"
"15","192","5","6","1"
"15","72","5","8","1"
"15","276","1","9","1"
"15","130","5","7","1"
"15","98","5","9","1"
"15","46","5","10","1"
"15","70","5","11","1"
"15","110","6","1","1"
"15","94","6","2","1"
"15","163","6","3","1"
"15","41","6","4","1"
"15","200","6","5","1"
"15","197","6","8","1"
"15","199","6","7","1"
"15","144","6","9","1"
"17","282","1","1","1"
"17","283","1","2","1"
"17","293","1","3","1"
"17","299","1","4","1"
"17","311","1","5","1"
"17","307","1","6","1"
"17","309","1","7","1"
"17","297","1","8","1"
"17","177","1","11","1"
"17","280","1","9","1"
"17","39","1","10","1"
"17","186","1","12","1"
"17","278","1","13","1"
"17","304","1","15","1"
"17","37","1","14","1"
"17","82","4","2","1"
"17","287","1","17","1"
"17","72","1","21","1"
"17","295","1","22","1"
"17","310","1","20","1"
"17","292","1","23","1"
"17","71","2","1","1"
"17","94","2","2","1"
"17","62","2","3","1"
"17","276","2","4","1"
"17","314","2","5","1"
"17","231","2","6","1"
"17","205","2","7","1"
"17","190","2","8","1"
"17","73","2","9","1"
"17","53","2","10","1"
"17","290","1","24","1"
"17","9","3","1","1"
"17","213","3","2","1"
"17","224","3","3","1"
"17","188","3","4","1"
"17","182","3","5","1"
"17","57","3","6","1"
"17","170","3","7","1"
"17","226","3","8","1"
"17","214","3","9","1"
"17","198","3","10","1"
"17","20","3","11","1"
"17","168","3","12","1"
"17","192","3","13","1"
"17","180","4","1","1"
"17","46","4","3","1"
"17","127","4","4","1"
"17","132","4","5","1"
"17","228","4","6","1"
"17","256","4","8","1"
"17","275","4","7","1"
"17","107","4","9","1"
"17","14","4","10","1"
"17","21","4","11","1"
"17","204","4","12","1"
"17","220","4","13","1"
"17","219","4","14","1"
"72","110","1","28","1"
"71","132","1","73","1"
"72","219","1","31","1"
"71","180","1","54","1"
"72","360","1","21","1"
"71","354","1","60","1"
"71","162","1","76","1"
"71","133","1","74","1"
"72","256","1","7","1"
"71","127","1","71","1"
"72","198","1","1","1"
"72","359","1","14","1"
"71","349","1","70","1"
"72","12","1","10","1"
"72","102","1","32","1"
"72","355","1","19","1"
"76","14","1","9","1"
"72","357","1","8","1"
"71","347","1","63","1"
"71","149","1","53","1"
"76","351","2","13","1"
"71","144","1","78","1"
"72","154","1","17","1"
"71","98","1","59","1"
"71","107","1","66","1"
"71","314","1","77","1"
"71","297","1","61","1"
"71","82","1","55","1"
"71","2","1","68","1"
"71","357","1","66","1"
"71","231","1","58","1"
"72","353","1","22","1"
"71","353","1","79","1"
"72","356","1","5","1"
"72","354","1","3","1"
"71","110","1","67","1"
"72","231","1","13","1"
"71","348","1","69","1"
"72","26","1","24","1"
"72","133","1","30","1"
"72","297","1","23","1"
"72","135","1","20","1"
"71","94","1","56","1"
"71","358","1","82","1"
"71","21","1","52","1"
"72","351","1","16","1"
"72","336","1","11","1"
"71","320","1","65","1"
"71","177","1","64","1"
"72","20","1","4","1"
"72","204","1","25","1"
"71","318","1","80","1"
"72","188","1","12","1"
"72","343","1","23","1"
"72","39","1","26","1"
"71","168","1","75","1"
"72","168","1","29","1"
"72","21","1","18","1"
"72","220","1","34","1"
"72","352","1","6","1"
"72","283","1","35","1"
"72","350","1","15","1"
"71","346","1","62","1"
"72","347","1","2","1"
"76","352","2","5","1"
"72","214","1","9","1"
"71","351","1","57","1"
"18","198","1","1","1"
"18","186","5","12","1"
"18","130","5","13","1"
"18","197","5","14","1"
"18","144","5","15","1"
"71","350","1","51","1"
"71","343","1","50","1"
"71","186","1","49","1"
"71","283","1","48","1"
"71","73","1","47","1"
"71","226","1","46","1"
"71","72","1","45","1"
"71","182","1","44","1"
"71","70","1","42","1"
"71","69","1","41","1"
"71","325","1","40","1"
"71","342","1","39","1"
"71","352","1","38","1"
"71","224","1","37","1"
"71","333","1","36","1"
"71","63","1","35","1"
"71","57","1","33","1"
"71","220","1","32","1"
"71","329","1","31","1"
"71","219","1","30","1"
"71","56","1","29","1"
"71","355","1","28","1"
"71","51","1","27","1"
"71","46","1","26","1"
"71","37","1","25","1"
"71","135","1","24","1"
"71","154","1","23","1"
"71","39","1","22","1"
"71","214","1","21","1"
"71","213","1","20","1"
"71","36","1","19","1"
"71","188","1","18","1"
"71","340","1","17","1"
"71","29","1","16","1"
"71","336","1","15","1"
"71","26","1","14","1"
"71","198","1","13","1"
"71","256","1","12","1"
"71","264","1","11","1"
"71","20","1","10","1"
"71","319","1","9","1"
"71","102","1","8","1"
"71","194","1","7","1"
"71","356","1","6","1"
"71","14","1","5","1"
"71","12","1","4","1"
"71","176","1","3","1"
"71","9","1","2","1"
"71","204","1","1","1"
"62","70","6","15","1"
"65","297","1","5","1"
"65","354","1","4","1"
"65","355","1","3","1"
"65","356","1","2","1"
"65","176","1","1","1"
"71","62","1","34","1"
"71","71","1","43","1"
"24","57","5","22","1"
"24","70","5","21","1"
"24","171","5","23","1"
"25","256","1","9","1"
"25","29","2","5","1"
"24","94","5","19","1"
"25","14","2","3","1"
"25","9","1","10","1"
"29","9","5","1","1"
"24","264","5","20","1"
"28","327","5","7","1"
"25","21","3","2","1"
"27","224","4","6","1"
"27","177","1","6","1"
"27","320","1","5","1"
"26","314","2","7","1"
"26","276","2","4","1"
"26","275","4","1","1"
"26","274","3","1","1"
"26","264","5","20","1"
"26","37","2","12","1"
"26","256","1","11","1"
"26","231","1","6","1"
"26","228","3","4","1"
"26","226","2","3","1"
"26","224","3","7","1"
"26","220","4","10","1"
"26","219","3","2","1"
"26","214","2","5","1"
"26","213","3","6","1"
"26","205","1","7","1"
"26","204","4","11","1"
"26","203","2","1","1"
"26","62","2","11","1"
"26","198","1","1","1"
"26","197","5","14","1"
"26","194","4","8","1"
"26","192","1","9","1"
"26","188","1","5","1"
"26","186","5","12","1"
"26","182","1","4","1"
"26","180","5","3","1"
"26","177","1","3","1"
"26","171","5","23","1"
"26","170","4","9","1"
"26","168","4","12","1"
"26","154","4","4","1"
"26","144","5","15","1"
"26","135","5","9","1"
"26","132","4","2","1"
"27","198","1","1","1"
"26","127","2","10","1"
"26","112","3","8","1"
"26","110","5","5","1"
"26","107","4","13","1"
"26","98","1","10","1"
"26","94","2","14","1"
"26","82","5","1","1"
"26","73","4","7","1"
"26","72","2","8","1"
"26","71","2","6","1"
"27","192","1","3","1"
"27","194","1","2","1"
"26","57","5","22","1"
"26","56","2","9","1"
"26","51","3","3","1"
"26","46","5","6","1"
"26","41","1","2","1"
"27","219","1","4","1"
"26","26","5","11","1"
"26","21","5","2","1"
"26","20","1","8","1"
"26","14","3","3","1"
"26","29","3","5","1"
"26","9","2","2","1"
"23","9","2","2","1"
"23","14","3","3","1"
"23","21","5","2","1"
"23","26","5","11","1"
"23","29","3","5","1"
"23","41","1","2","1"
"23","46","5","6","1"
"23","20","4","4","1"
"23","264","2","11","1"
"23","71","2","6","1"
"23","72","2","8","1"
"23","73","4","8","1"
"23","82","5","1","1"
"23","98","1","8","1"
"23","110","5","5","1"
"23","127","2","10","1"
"23","192","4","7","1"
"23","132","4","2","1"
"23","135","5","9","1"
"23","144","5","15","1"
"23","154","4","3","1"
"23","168","5","4","1"
"23","170","3","8","1"
"23","177","1","3","1"
"23","62","2","12","1"
"23","182","1","4","1"
"23","186","5","12","1"
"23","188","1","5","1"
"23","194","4","9","1"
"23","197","5","14","1"
"23","198","1","1","1"
"23","258","4","6","1"
"23","203","2","1","1"
"23","204","4","11","1"
"23","205","1","7","1"
"23","213","3","6","1"
"23","214","2","5","1"
"23","219","3","2","1"
"23","220","4","10","1"
"23","224","3","7","1"
"23","226","2","3","1"
"23","228","3","4","1"
"23","231","1","6","1"
"23","256","1","9","1"
"23","274","3","1","1"
"23","275","4","1","1"
"23","276","2","4","1"
"23","314","2","7","1"
"24","9","2","2","1"
"24","14","3","3","1"
"24","20","1","7","1"
"24","21","5","2","1"
"24","26","5","11","1"
"24","29","3","5","1"
"24","39","5","17","1"
"24","258","5","16","1"
"24","41","1","1","1"
"24","46","5","6","1"
"24","51","3","3","1"
"24","56","2","9","1"
"24","71","2","6","1"
"24","72","2","8","1"
"24","73","4","7","1"
"24","82","5","1","1"
"24","98","1","9","1"
"24","107","4","12","1"
"24","110","5","5","1"
"24","112","3","8","1"
"24","127","2","10","1"
"24","130","5","13","1"
"24","132","4","2","1"
"24","135","5","9","1"
"24","144","5","15","1"
"24","154","4","4","1"
"24","168","5","4","1"
"24","170","4","9","1"
"24","177","1","2","1"
"24","180","5","3","1"
"24","182","1","3","1"
"24","186","5","12","1"
"24","188","1","4","1"
"24","192","1","8","1"
"24","194","4","8","1"
"24","197","5","14","1"
"24","198","1","1","1"
"24","200","5","8","1"
"24","203","2","1","1"
"24","204","4","11","1"
"24","205","1","6","1"
"24","213","3","6","1"
"24","214","2","5","1"
"24","219","3","2","1"
"24","220","4","10","1"
"24","224","3","7","1"
"24","226","2","3","1"
"24","228","3","4","1"
"24","231","1","5","1"
"24","256","1","10","1"
"24","274","3","1","1"
"24","275","4","1","1"
"24","276","2","4","1"
"24","62","5","18","1"
"24","314","2","7","1"
"28","30","5","5","1"
"25","46","3","5","1"
"25","51","2","3","1"
"25","56","1","16","1"
"28","144","6","12","1"
"25","62","1","6","1"
"25","37","1","5","1"
"28","318","6","3","1"
"25","72","1","15","1"
"25","73","2","11","1"
"25","82","3","1","1"
"28","180","6","8","1"
"28","7","6","1","1"
"25","107","2","15","1"
"25","110","3","6","1"
"28","303","6","11","1"
"25","127","1","17","1"
"29","7","6","1","1"
"25","132","2","9","1"
"25","135","3","9","1"
"25","144","3","15","1"
"25","154","2","10","1"
"25","168","3","4","1"
"25","170","2","12","1"
"28","309","6","10","1"
"25","177","1","2","1"
"25","180","3","3","1"
"28","308","5","9","1"
"25","186","3","12","1"
"28","302","5","8","1"
"28","304","5","6","1"
"28","205","6","6","1"
"29","12","3","6","1"
"25","198","1","1","1"
"28","286","6","5","1"
"25","203","2","1","1"
"25","204","2","14","1"
"25","205","1","4","1"
"25","213","2","6","1"
"25","214","1","13","1"
"25","219","2","2","1"
"25","220","2","13","1"
"25","224","2","7","1"
"25","226","1","11","1"
"25","228","2","4","1"
"25","231","1","3","1"
"28","188","6","2","1"
"25","182","1","7","1"
"25","264","1","8","1"
"28","39","6","4","1"
"25","275","2","8","1"
"25","276","1","12","1"
"25","314","1","14","1"
"28","293","5","4","1"
"28","281","5","3","1"
"28","57","5","2","1"
"28","9","5","1","1"
"28","264","4","9","1"
"28","256","4","8","1"
"28","276","4","7","1"
"28","314","4","6","1"
"28","326","4","5","1"
"28","299","4","4","1"
"28","182","4","3","1"
"28","307","4","2","1"
"28","158","4","1","1"
"28","204","3","9","1"
"28","194","3","8","1"
"28","274","3","7","1"
"28","12","3","6","1"
"28","102","3","5","1"
"28","278","3","4","1"
"28","37","3","3","1"
"28","219","3","2","1"
"28","29","3","1","1"
"28","203","2","9","1"
"28","283","2","8","1"
"28","231","2","7","1"
"28","154","2","6","1"
"28","136","2","5","1"
"28","214","2","4","1"
"28","168","2","3","1"
"28","14","2","2","1"
"28","62","2","1","1"
"28","213","1","9","1"
"28","224","1","10","1"
"28","285","1","8","1"
"28","317","1","7","1"
"28","226","1","6","1"
"28","186","1","5","1"
"28","177","1","4","1"
"28","72","1","3","1"
"28","319","1","2","1"
"28","130","1","1","1"
"27","144","4","8","1"
"27","264","3","7","1"
"27","213","3","6","1"
"27","170","4","5","1"
"27","204","3","5","1"
"27","132","3","4","1"
"27","91","3","3","1"
"27","168","3","2","1"
"27","163","3","1","1"
"27","220","2","10","1"
"36","231","1","21","1"
"27","283","2","9","1"
"27","154","2","8","1"
"27","20","2","7","1"
"27","214","2","6","1"
"27","21","2","5","1"
"27","29","2","4","1"
"27","82","2","3","1"
"27","228","2","2","1"
"27","275","4","7","1"
"27","12","1","11","1"
"27","319","1","10","1"
"27","318","1","9","1"
"27","205","1","8","1"
"27","231","1","7","1"
"29","14","2","2","1"
"29","29","3","1","1"
"29","30","5","5","1"
"29","37","3","3","1"
"29","39","6","4","1"
"29","57","5","2","1"
"29","62","2","1","1"
"29","72","1","3","1"
"29","102","3","5","1"
"29","130","1","1","1"
"29","136","2","5","1"
"29","144","6","12","1"
"29","154","2","6","1"
"29","158","4","1","1"
"29","168","2","3","1"
"29","177","1","4","1"
"29","180","6","8","1"
"29","182","4","3","1"
"29","186","1","5","1"
"29","188","6","2","1"
"29","194","3","8","1"
"29","203","2","9","1"
"29","204","3","9","1"
"29","205","6","6","1"
"29","213","1","9","1"
"29","214","2","4","1"
"29","219","3","2","1"
"29","224","1","10","1"
"29","226","1","6","1"
"29","231","2","7","1"
"29","256","4","8","1"
"29","264","4","9","1"
"29","274","3","7","1"
"29","276","4","7","1"
"29","278","3","4","1"
"29","281","5","3","1"
"29","283","2","8","1"
"29","285","1","8","1"
"29","286","6","5","1"
"29","293","5","4","1"
"29","299","4","4","1"
"29","302","5","8","1"
"29","303","6","11","1"
"29","304","5","6","1"
"29","307","4","2","1"
"29","308","5","9","1"
"29","309","6","10","1"
"29","314","4","6","1"
"29","317","1","7","1"
"29","318","6","3","1"
"29","319","1","2","1"
"29","326","4","5","1"
"29","327","5","7","1"
"29","198","7","1","1"
"29","26","7","2","1"
"29","41","7","3","1"
"29","56","7","4","1"
"29","110","7","5","1"
"29","132","7","6","1"
"29","142","7","7","1"
"29","310","7","8","1"
"29","79","7","9","1"
"29","197","7","10","1"
"29","170","7","11","1"
"29","82","7","12","1"
"29","91","7","13","1"
"29","135","7","14","1"
"29","162","7","15","1"
"29","292","7","16","1"
"29","312","7","17","1"
"29","190","7","18","1"
"29","71","7","19","1"
"29","36","7","20","1"
"29","69","7","21","1"
"29","73","7","22","1"
"29","70","7","23","1"
"29","94","7","24","1"
"29","77","7","25","1"
"30","200","5","8","1"
"30","198","1","1","1"
"30","197","5","14","1"
"30","194","4","7","1"
"30","39","6","2","1"
"30","188","1","4","1"
"30","186","5","12","1"
"30","182","1","3","1"
"30","180","5","3","1"
"30","177","1","2","1"
"30","171","5","23","1"
"30","170","4","9","1"
"30","168","5","4","1"
"30","154","4","3","1"
"30","144","5","15","1"
"30","135","5","9","1"
"30","132","4","2","1"
"30","130","5","13","1"
"30","127","2","10","1"
"30","112","3","8","1"
"30","110","5","5","1"
"30","107","4","12","1"
"30","163","6","4","1"
"30","94","5","19","1"
"30","82","5","1","1"
"30","73","4","4","1"
"30","72","2","8","1"
"30","98","2","11","1"
"30","70","5","21","1"
"30","62","5","18","1"
"30","57","5","22","1"
"30","56","2","9","1"
"30","41","2","6","1"
"30","46","5","6","1"
"30","319","1","7","1"
"30","30","4","5","1"
"30","29","3","5","1"
"30","26","5","11","1"
"30","21","5","2","1"
"30","37","6","3","1"
"30","14","3","3","1"
"30","9","2","2","1"
"30","203","2","1","1"
"30","204","4","11","1"
"30","205","1","6","1"
"30","71","4","6","1"
"30","214","2","5","1"
"30","219","3","2","1"
"30","220","4","10","1"
"30","224","3","7","1"
"30","226","2","3","1"
"30","228","3","4","1"
"30","231","1","5","1"
"30","256","1","8","1"
"30","258","5","16","1"
"30","264","5","20","1"
"30","274","3","1","1"
"30","275","4","1","1"
"30","276","2","4","1"
"30","20","6","1","1"
"30","133","6","5","1"
"30","314","6","6","1"
"30","318","6","7","1"
"27","200","4","1","1"
"27","135","4","2","1"
"27","325","4","3","1"
"27","133","4","4","1"
"27","328","2","1","1"
"36","71","1","15","1"
"36","226","1","5","1"
"36","72","1","17","1"
"36","73","1","18","1"
"36","154","1","36","1"
"36","213","1","11","1"
"36","14","1","35","1"
"36","319","1","1","1"
"36","204","1","8","1"
"36","325","1","3","1"
"36","46","1","12","1"
"36","135","1","38","1"
"36","9","1","4","1"
"36","177","1","26","1"
"36","276","1","28","1"
"36","214","1","29","1"
"36","56","1","30","1"
"36","264","1","7","1"
"36","29","1","39","1"
"36","133","1","24","1"
"36","198","1","10","1"
"36","182","1","16","1"
"36","320","1","27","1"
"36","57","1","13","1"
"36","203","1","37","1"
"36","283","1","6","1"
"36","132","1","25","1"
"36","256","1","9","1"
"36","205","1","14","1"
"36","62","1","2","1"
"36","168","1","23","1"
"36","318","1","22","1"
"36","219","1","40","1"
"36","194","1","19","1"
"36","91","1","20","1"
"36","220","1","31","1"
"36","228","1","32","1"
"36","127","1","33","1"
"38","320","1","2","1"
"36","314","1","34","1"
"38","29","1","3","1"
"38","329","1","4","1"
"38","194","1","6","1"
"38","198","1","7","1"
"38","319","1","5","1"
"38","20","1","8","1"
"38","283","1","9","1"
"38","12","1","1","1"
"38","192","1","10","1"
"38","330","1","13","1"
"38","328","2","1","1"
"38","220","2","2","1"
"38","102","2","3","1"
"38","36","2","5","1"
"38","214","2","7","1"
"38","219","2","8","1"
"38","333","2","4","1"
"38","154","2","9","1"
"38","21","2","6","1"
"38","82","2","10","1"
"38","98","2","11","1"
"38","332","2","12","1"
"38","177","3","1","1"
"38","231","3","2","1"
"4","209","1","1","1"
"38","182","3","4","1"
"38","51","3","5","1"
"38","318","3","6","1"
"4","211","1","2","1"
"38","70","3","8","1"
"38","127","3","9","1"
"38","72","3","10","1"
"38","186","3","11","1"
"38","180","3","12","1"
"38","256","3","13","1"
"38","331","3","14","1"
"4","207","1","3","1"
"38","46","4","2","1"
"38","213","4","3","1"
"38","325","4","4","1"
"38","190","1","12","1"
"38","168","4","6","1"
"38","264","4","7","1"
"38","2","4","8","1"
"38","204","4","9","1"
"38","135","4","10","1"
"38","62","4","11","1"
"38","73","4","12","1"
"38","144","4","14","1"
"38","132","4","13","1"
"40","2","1","23","1"
"40","144","1","31","1"
"40","194","1","30","1"
"40","328","1","28","1"
"40","135","1","27","1"
"40","168","1","26","1"
"40","177","1","29","1"
"40","110","1","24","1"
"40","21","1","25","1"
"40","73","1","22","1"
"40","220","1","21","1"
"40","190","1","19","1"
"40","82","1","20","1"
"40","102","1","18","1"
"40","333","1","17","1"
"40","318","1","16","1"
"40","320","1","15","1"
"40","329","1","14","1"
"40","204","1","13","1"
"40","154","1","12","1"
"40","214","1","11","1"
"40","219","1","10","1"
"40","325","1","9","1"
"40","336","1","8","1"
"40","264","1","7","1"
"40","319","1","6","1"
"40","198","1","3","1"
"40","283","1","5","1"
"40","274","1","2","1"
"40","231","1","4","1"
"40","12","1","1","1"
"39","314","5","13","1"
"39","203","5","9","1"
"39","274","5","10","1"
"39","276","5","11","1"
"39","163","5","12","1"
"39","180","5","8","1"
"39","186","5","7","1"
"39","51","5","6","1"
"39","36","5","5","1"
"39","264","5","4","1"
"39","198","5","3","1"
"39","20","5","2","1"
"39","205","5","1","1"
"39","337","4","13","1"
"38","335","1","11","1"
"39","256","4","12","1"
"39","98","4","11","1"
"39","194","4","10","1"
"39","318","4","9","1"
"39","224","4","8","1"
"39","56","4","7","1"
"39","82","4","6","1"
"39","73","4","5","1"
"39","46","4","4","1"
"39","168","4","3","1"
"39","127","4","2","1"
"39","9","4","1","1"
"39","332","3","13","1"
"39","328","3","12","1"
"39","135","3","11","1"
"39","132","3","10","1"
"39","14","3","9","1"
"39","133","3","8","1"
"39","204","3","7","1"
"39","154","3","6","1"
"39","71","3","5","1"
"39","220","3","4","1"
"39","102","3","3","1"
"39","21","3","2","1"
"39","333","3","1","1"
"39","331","2","24","1"
"39","190","2","23","1"
"39","213","2","22","1"
"39","219","2","21","1"
"39","29","2","20","1"
"39","336","2","19","1"
"39","325","2","18","1"
"39","329","2","17","1"
"39","72","2","16","1"
"39","214","2","15","1"
"39","41","2","14","1"
"39","320","2","13","1"
"39","330","1","12","1"
"39","182","1","11","1"
"39","62","1","10","1"
"39","57","1","9","1"
"39","2","1","8","1"
"39","283","1","7","1"
"39","177","1","6","1"
"39","226","1","5","1"
"39","231","1","4","1"
"39","192","1","3","1"
"39","319","1","2","1"
"39","12","1","1","1"
"41","338","1","4","1"
"41","168","2","18","1"
"41","177","2","17","1"
"41","214","2","16","1"
"41","200","2","15","1"
"41","264","2","14","1"
"41","194","2","13","1"
"41","332","1","13","1"
"41","12","1","12","1"
"41","144","1","11","1"
"41","318","1","8","1"
"41","190","1","9","1"
"41","180","1","7","1"
"41","283","1","5","1"
"41","325","1","6","1"
"41","220","1","10","1"
"41","329","1","2","1"
"41","336","1","3","1"
"41","256","1","1","1"
"4","210","1","6","1"
"4","206","1","5","1"
"4","208","1","4","1"
"44","319","1","2","1"
"42","339","6","1","1"
"42","12","1","1","1"
"42","14","3","11","1"
"42","274","4","1","1"
"42","21","3","2","1"
"42","29","2","20","1"
"42","9","5","2","1"
"42","338","4","6","1"
"42","46","4","4","1"
"42","203","6","4","1"
"42","186","1","8","1"
"46","341","1","7","1"
"44","325","2","5","1"
"42","71","3","5","1"
"42","72","2","16","1"
"42","73","4","5","1"
"42","82","4","8","1"
"42","98","4","12","1"
"42","102","3","3","1"
"42","127","4","2","1"
"42","132","3","9","1"
"42","133","3","8","1"
"42","135","3","12","1"
"42","154","3","6","1"
"42","57","5","6","1"
"42","168","4","3","1"
"42","177","1","6","1"
"42","110","1","9","1"
"44","343","3","13","1"
"42","37","5","8","1"
"42","190","2","23","1"
"42","192","1","3","1"
"42","194","4","11","1"
"42","62","5","2","1"
"42","182","5","3","1"
"42","204","3","7","1"
"42","264","5","7","1"
"42","213","2","22","1"
"42","214","2","15","1"
"42","219","2","21","1"
"42","220","3","4","1"
"42","224","4","9","1"
"42","226","1","5","1"
"42","231","1","4","1"
"42","256","2","1","1"
"42","130","1","10","1"
"42","144","6","2","1"
"42","162","6","3","1"
"42","283","1","7","1"
"42","2","5","5","1"
"42","318","4","10","1"
"42","319","1","2","1"
"42","320","2","13","1"
"42","325","2","18","1"
"42","328","3","13","1"
"42","329","2","17","1"
"42","330","1","12","1"
"42","331","2","24","1"
"42","332","3","14","1"
"42","333","3","1","1"
"42","336","2","19","1"
"42","337","4","13","1"
"44","318","4","10","1"
"44","283","1","7","1"
"46","283","1","2","1"
"44","264","5","7","1"
"44","256","2","1","1"
"44","231","1","3","1"
"44","226","1","5","1"
"44","224","4","9","1"
"44","220","3","4","1"
"44","219","2","9","1"
"44","214","2","8","1"
"44","213","2","10","1"
"44","204","3","7","1"
"46","320","1","4","1"
"44","194","4","11","1"
"44","342","1","4","1"
"44","190","2","11","1"
"44","149","1","8","1"
"44","182","5","3","1"
"44","177","1","6","1"
"44","168","4","3","1"
"46","329","1","3","1"
"44","154","3","6","1"
"44","144","6","2","1"
"44","135","3","12","1"
"44","133","3","8","1"
"44","132","3","9","1"
"44","341","1","9","1"
"44","127","4","2","1"
"44","110","1","10","1"
"44","102","3","3","1"
"44","98","4","12","1"
"44","82","4","8","1"
"44","73","4","6","1"
"44","72","2","3","1"
"44","71","3","5","1"
"44","62","5","2","1"
"44","21","3","2","1"
"44","57","5","6","1"
"44","46","4","4","1"
"46","149","1","1","1"
"44","29","2","7","1"
"44","14","3","11","1"
"44","12","1","1","1"
"44","9","5","2","1"
"44","2","5","5","1"
"44","329","2","4","1"
"44","330","1","99","1"
"44","331","2","99","1"
"44","332","3","99","1"
"44","333","3","1","1"
"44","336","2","6","1"
"44","337","4","99","1"
"44","338","4","5","1"
"44","339","6","1","1"
"44","340","2","2","1"
"46","231","1","6","1"
"46","340","1","5","1"
"46","256","2","1","1"
"46","325","2","2","1"
"46","318","2","3","1"
"46","336","2","4","1"
"46","219","2","5","1"
"46","338","2","6","1"
"46","344","2","8","1"
"46","29","3","1","1"
"46","21","3","2","1"
"46","343","3","3","1"
"46","110","3","4","1"
"46","220","3","5","1"
"46","133","3","6","1"
"46","204","3","7","1"
"46","36","4","1","1"
"46","154","4","2","1"
"46","102","4","3","1"
"46","168","4","4","1"
"46","333","4","5","1"
"46","135","4","6","1"
"46","162","4","7","1"
"46","345","2","9","1"
"46","12","1","8","1"
"46","342","1","9","1"
"47","204","4","12","1"
"47","224","2","11","1"
"47","347","2","7","1"
"47","29","4","4","1"
"47","342","2","1","1"
"47","130","2","4","1"
"47","62","5","3","1"
"47","149","4","2","1"
"47","345","3","12","1"
"47","256","3","11","1"
"47","2","2","5","1"
"47","51","2","12","1"
"47","325","3","5","1"
"47","213","3","6","1"
"47","110","2","8","1"
"47","264","2","9","1"
"47","186","3","7","1"
"47","343","3","4","1"
"47","9","5","1","1"
"47","318","3","10","1"
"47","154","4","6","1"
"47","329","2","2","1"
"47","338","4","8","1"
"47","319","4","3","1"
"47","231","4","5","1"
"47","341","3","1","1"
"47","314","2","6","1"
"47","330","2","13","1"
"47","135","4","11","1"
"47","340","2","3","1"
"47","71","3","9","1"
"47","168","4","7","1"
"47","333","4","9","1"
"47","336","3","2","1"
"47","102","4","10","1"
"47","72","2","10","1"
"47","226","3","8","1"
"47","276","5","4","1"
"47","346","3","3","1"
"47","57","5","5","1"
"49","133","3","7","1"
"49","220","3","6","1"
"49","110","3","4","1"
"49","343","3","3","1"
"49","21","3","2","1"
"49","29","3","1","1"
"49","332","2","16","1"
"49","12","2","15","1"
"49","180","2","12","1"
"49","132","2","14","1"
"49","318","2","13","1"
"49","82","2","11","1"
"49","320","2","10","1"
"49","149","2","9","1"
"49","346","2","8","1"
"49","325","2","7","1"
"49","224","2","6","1"
"49","194","2","5","1"
"49","20","2","4","1"
"49","256","2","3","1"
"49","214","2","2","1"
"49","344","2","1","1"
"49","330","1","18","1"
"49","319","1","16","1"
"49","192","1","15","1"
"49","186","1","14","1"
"49","347","1","13","1"
"49","213","1","10","1"
"49","338","1","11","1"
"49","219","1","9","1"
"49","336","1","8","1"
"49","340","1","7","1"
"49","231","1","6","1"
"49","71","1","5","1"
"49","342","1","4","1"
"49","329","1","3","1"
"49","283","1","2","1"
"49","198","1","1","1"
"47","14","5","6","1"
"47","182","5","2","1"
"49","204","3","8","1"
"49","36","3","9","1"
"49","102","3","10","1"
"49","154","3","11","1"
"49","333","3","12","1"
"49","168","3","13","1"
"49","135","3","16","1"
"53","14","1","1","1"
"49","339","3","19","1"
"49","144","3","20","1"
"49","228","3","5","1"
"49","73","1","12","1"
"49","348","3","14","1"
"49","349","3","15","1"
"53","9","1","2","1"
"53","319","1","3","1"
"53","214","1","4","1"
"53","71","1","5","1"
"53","314","1","6","1"
"55","231","1","1","1"
"55","226","1","2","1"
"55","338","1","3","1"
"55","12","1","4","1"
"55","56","1","5","1"
"55","342","1","7","1"
"55","9","1","6","1"
"55","256","1","8","1"
"55","198","1","9","1"
"55","224","1","10","1"
"55","20","1","12","1"
"56","231","1","3","1"
"55","350","2","1","1"
"55","329","2","2","1"
"55","110","2","3","1"
"55","62","2","4","1"
"55","14","2","5","1"
"55","319","2","6","1"
"55","336","2","7","1"
"55","325","2","8","1"
"55","46","2","9","1"
"55","264","2","10","1"
"55","194","2","11","1"
"55","21","2","12","1"
"56","149","1","1","1"
"55","340","3","1","1"
"55","180","3","2","1"
"55","98","3","3","1"
"55","177","3","4","1"
"55","39","3","5","1"
"55","346","3","6","1"
"55","213","3","7","1"
"55","214","3","8","1"
"55","154","3","9","1"
"55","219","3","10","1"
"55","320","3","11","1"
"55","29","3","12","1"
"56","329","1","2","1"
"55","318","4","1","1"
"55","192","4","2","1"
"55","341","4","3","1"
"55","71","4","4","1"
"55","204","4","5","1"
"55","41","4","6","1"
"55","51","4","7","1"
"55","220","4","8","1"
"55","283","4","9","1"
"55","127","4","10","1"
"55","130","4","11","1"
"55","149","4","12","1"
"55","344","4","13","1"
"55","186","1","11","1"
"55","73","4","15","1"
"55","333","3","13","1"
"55","72","4","16","1"
"55","168","4","17","1"
"55","82","4","18","1"
"54","348","1","28","1"
"54","336","1","2","1"
"54","338","1","3","1"
"54","186","1","4","1"
"54","342","1","5","1"
"54","343","1","6","1"
"54","325","1","7","1"
"54","154","1","8","1"
"54","204","1","9","1"
"54","29","1","10","1"
"54","130","1","11","1"
"54","346","1","12","1"
"54","214","1","13","1"
"54","21","1","14","1"
"54","344","1","1","1"
"54","350","1","16","1"
"54","231","1","17","1"
"54","340","1","18","1"
"54","256","1","19","1"
"54","98","1","20","1"
"54","329","1","21","1"
"54","62","1","22","1"
"54","168","1","23","1"
"54","264","1","24","1"
"54","2","1","25","1"
"54","224","1","26","1"
"54","132","1","27","1"
"54","135","1","29","1"
"54","110","1","30","1"
"54","318","1","31","1"
"54","149","1","32","1"
"54","133","1","33","1"
"54","144","1","34","1"
"55","144","5","20","1"
"55","314","5","19","1"
"55","133","5","16","1"
"55","132","5","17","1"
"55","162","5","18","1"
"55","2","5","13","1"
"55","276","5","12","1"
"55","328","5","14","1"
"55","94","5","11","1"
"55","190","5","15","1"
"55","70","5","8","1"
"55","182","5","9","1"
"55","57","5","7","1"
"55","55","5","6","1"
"55","37","5","5","1"
"55","343","5","10","1"
"55","36","5","3","1"
"55","102","5","2","1"
"55","203","5","1","1"
"55","135","5","4","1"
"55","63","5","21","1"
"56","283","1","4","1"
"56","342","1","5","1"
"56","319","1","6","1"
"56","14","1","7","1"
"56","256","1","8","1"
"56","154","1","9","1"
"56","325","1","10","1"
"56","318","1","11","1"
"56","320","1","12","1"
"56","71","1","13","1"
"56","213","1","14","1"
"56","214","1","16","1"
"56","72","1","15","1"
"56","350","2","1","1"
"56","21","2","2","1"
"56","110","2","3","1"
"56","194","2","4","1"
"56","338","2","5","1"
"56","198","2","6","1"
"56","29","2","7","1"
"56","336","2","8","1"
"56","82","2","9","1"
"56","98","2","10","1"
"56","333","2","11","1"
"56","102","2","12","1"
"56","51","2","13","1"
"56","343","2","2","1"
"56","226","2","14","1"
"56","180","2","15","1"
"56","224","3","4","1"
"56","177","3","1","1"
"56","46","3","2","1"
"56","186","3","3","1"
"56","219","3","5","1"
"56","346","3","6","1"
"56","130","3","1","1"
"56","132","3","7","1"
"56","133","3","8","1"
"56","348","3","9","1"
"56","135","3","10","1"
"56","349","3","11","1"
"56","264","3","12","1"
"56","70","3","13","1"
"56","162","3","14","1"
"56","144","3","15","1"
"56","204","4","1","1"
"56","62","4","2","1"
"56","73","4","3","1"
"56","2","4","4","1"
"56","168","4","5","1"
"57","342","1","2","1"
"57","319","1","3","1"
"57","71","1","4","1"
"57","256","1","5","1"
"57","224","1","6","1"
"57","56","1","7","1"
"57","194","1","9","1"
"57","226","1","10","1"
"57","127","1","8","1"
"57","198","1","1","1"
"57","340","1","11","1"
"57","220","1","14","1"
"57","338","2","1","1"
"57","110","2","2","1"
"57","180","2","3","1"
"57","329","2","4","1"
"57","12","1","13","1"
"57","231","2","5","1"
"57","350","2","6","1"
"57","336","2","7","1"
"57","154","2","8","1"
"57","82","2","9","1"
"57","72","2","10","1"
"57","219","2","11","1"
"57","102","3","1","1"
"57","29","3","2","1"
"57","320","3","4","1"
"57","214","3","3","1"
"57","333","3","5","1"
"57","36","3","6","1"
"57","135","3","7","1"
"57","349","3","8","1"
"57","343","3","9","1"
"57","168","3","11","1"
"57","204","3","10","1"
"57","21","3","12","1"
"57","130","2","12","1"
"57","318","4","3","1"
"57","314","4","2","1"
"57","62","4","4","1"
"57","98","4","1","1"
"57","51","4","5","1"
"57","149","4","6","1"
"57","264","4","7","1"
"57","133","4","8","1"
"57","46","4","9","1"
"57","213","4","10","1"
"57","2","4","11","1"
"57","325","4","12","1"
"57","186","4","13","1"
"57","132","4","14","1"
"57","339","5","1","1"
"57","344","5","2","1"
"57","162","5","3","1"
"57","144","5","4","1"
"59","14","5","6","1"
"59","73","2","1","1"
"59","283","5","8","1"
"59","149","1","15","1"
"60","36","3","6","1"
"60","46","4","7","1"
"60","51","4","4","1"
"60","62","4","3","1"
"60","72","2","12","1"
"60","73","2","1","1"
"60","346","2","11","1"
"60","98","4","1","1"
"60","102","3","1","1"
"60","110","2","3","1"
"60","132","4","14","1"
"60","133","4","6","1"
"60","135","3","7","1"
"60","149","1","15","1"
"60","154","2","10","1"
"60","162","5","3","1"
"60","168","3","11","1"
"60","177","1","16","1"
"60","180","2","3","1"
"60","186","4","10","1"
"60","194","1","9","1"
"60","198","1","1","1"
"60","204","3","10","1"
"60","14","5","9","1"
"60","214","3","3","1"
"60","219","2","13","1"
"60","220","1","14","1"
"60","224","1","6","1"
"60","226","1","10","1"
"60","231","2","5","1"
"60","256","1","5","1"
"60","264","4","5","1"
"60","283","5","8","1"
"60","314","4","2","1"
"60","319","1","3","1"
"60","320","3","4","1"
"60","325","4","9","1"
"60","329","2","4","1"
"60","333","3","5","1"
"60","336","2","9","1"
"60","338","2","2","1"
"60","339","5","1","1"
"60","340","1","11","1"
"60","342","1","2","1"
"60","343","3","9","1"
"60","344","5","2","1"
"60","182","5","11","1"
"60","349","3","8","1"
"60","350","2","6","1"
"60","351","2","7","1"
"60","352","4","1","1"
"59","346","5","5","1"
"59","12","1","13","1"
"59","21","3","12","1"
"59","29","3","2","1"
"59","36","3","6","1"
"59","46","4","7","1"
"59","51","4","4","1"
"60","21","3","12","1"
"59","62","4","3","1"
"60","29","3","2","1"
"59","72","2","12","1"
"59","82","2","11","1"
"59","98","4","1","1"
"59","102","3","1","1"
"59","110","2","3","1"
"60","37","5","10","1"
"59","177","1","16","1"
"59","132","4","14","1"
"59","133","4","6","1"
"59","135","3","7","1"
"60","12","1","13","1"
"59","352","4","1","1"
"59","154","2","10","1"
"59","162","5","3","1"
"59","168","3","11","1"
"59","180","2","3","1"
"59","186","4","10","1"
"59","194","1","9","1"
"59","198","1","1","1"
"59","204","3","10","1"
"59","213","4","8","1"
"59","214","3","3","1"
"59","219","2","13","1"
"59","220","1","14","1"
"59","224","1","6","1"
"59","226","1","10","1"
"59","231","2","5","1"
"59","256","1","5","1"
"59","264","4","5","1"
"59","314","4","2","1"
"59","351","2","7","1"
"59","319","1","3","1"
"59","320","3","4","1"
"59","325","4","9","1"
"59","329","2","4","1"
"59","333","3","5","1"
"59","336","2","9","1"
"59","338","2","2","1"
"59","339","5","1","1"
"59","340","1","11","1"
"59","342","1","2","1"
"59","343","3","9","1"
"59","344","5","2","1"
"59","349","3","8","1"
"59","350","2","6","1"
"60","2","5","12","1"
"60","130","5","13","1"
"61","2","5","12","1"
"76","102","2","6","1"
"61","14","5","9","1"
"61","21","3","12","1"
"61","29","3","2","1"
"61","36","3","6","1"
"61","37","5","10","1"
"61","46","4","7","1"
"61","51","4","4","1"
"61","62","4","3","1"
"61","340","2","12","1"
"61","73","2","1","1"
"61","98","4","1","1"
"61","102","3","1","1"
"61","110","2","3","1"
"61","130","5","13","1"
"61","132","4","14","1"
"61","133","4","6","1"
"61","135","3","7","1"
"61","318","1","8","1"
"61","154","2","10","1"
"61","56","5","14","1"
"61","168","3","11","1"
"61","177","1","12","1"
"61","180","2","2","1"
"61","182","5","11","1"
"61","186","4","10","1"
"61","194","1","7","1"
"62","314","3","3","1"
"61","204","3","10","1"
"61","214","3","3","1"
"61","219","2","13","1"
"61","220","1","13","1"
"61","224","1","6","1"
"61","226","1","10","1"
"61","231","2","5","1"
"61","256","1","5","1"
"61","264","4","5","1"
"61","283","5","8","1"
"61","314","4","2","1"
"61","319","1","4","1"
"61","320","3","4","1"
"61","325","4","9","1"
"61","329","2","4","1"
"61","333","3","5","1"
"61","336","2","9","1"
"62","349","5","8","1"
"61","198","1","1","1"
"61","72","1","11","1"
"61","342","1","3","1"
"61","343","3","9","1"
"61","127","5","16","1"
"62","204","5","4","1"
"61","349","3","8","1"
"61","350","2","6","1"
"61","351","2","7","1"
"61","352","4","1","1"
"61","82","5","17","1"
"61","188","5","18","1"
"61","9","5","19","1"
"61","71","5","20","1"
"61","162","5","21","1"
"61","144","5","22","1"
"61","322","1","1","1"
"61","20","1","2","1"
"62","214","3","2","1"
"62","29","4","10","1"
"62","220","5","1","1"
"62","194","4","9","1"
"62","2","3","11","1"
"62","325","4","5","1"
"62","133","5","6","1"
"62","352","3","7","1"
"62","102","5","9","1"
"62","72","1","11","1"
"62","73","2","1","1"
"62","182","1","13","1"
"62","98","3","4","1"
"62","127","5","2","1"
"62","110","2","2","1"
"62","135","5","7","1"
"62","26","5","5","1"
"62","168","3","12","1"
"62","9","1","12","1"
"62","154","4","3","1"
"62","14","4","14","1"
"62","177","2","10","1"
"62","21","4","11","1"
"62","130","3","1","1"
"62","264","3","10","1"
"62","180","2","3","1"
"62","320","5","3","1"
"62","37","4","6","1"
"62","107","4","7","1"
"62","94","1","7","1"
"62","198","1","1","1"
"62","186","6","5","1"
"62","188","2","12","1"
"62","62","3","9","1"
"62","57","1","9","1"
"62","224","1","6","1"
"62","226","1","10","1"
"62","231","2","5","1"
"62","256","1","5","1"
"62","319","3","8","1"
"62","343","4","8","1"
"62","71","3","6","1"
"62","318","1","8","1"
"62","56","1","4","1"
"76","353","3","9","1"
"62","219","5","10","1"
"62","132","4","4","1"
"62","329","2","4","1"
"62","149","6","4","1"
"62","336","2","9","1"
"62","340","2","14","1"
"62","342","1","3","1"
"62","20","4","2","1"
"62","283","4","1","1"
"62","350","2","6","1"
"62","351","2","7","1"
"62","12","3","5","1"
"62","346","5","11","1"
"62","82","5","12","1"
"62","46","5","13","1"
"62","339","6","3","1"
"62","333","6","7","1"
"62","63","6","8","1"
"62","162","6","9","1"
"62","353","6","10","1"
"62","144","6","11","1"
"62","51","6","12","1"
"62","213","6","13","1"
"62","36","6","14","1"
"76","37","4","4","1"
"76","219","1","4","1"
"76","214","4","3","1"
"76","361","2","4","1"
"76","168","3","6","1"
"75","14","4","9","1"
"76","98","2","7","1"
"76","330","1","12","1"
"76","73","3","1","1"
"76","132","3","12","1"
"76","162","4","15","1"
"76","72","1","11","1"
"76","127","2","3","1"
"76","224","1","6","1"
"76","343","3","3","1"
"76","194","1","5","1"
"76","213","4","11","1"
"76","339","4","14","1"
"76","342","4","6","1"
"75","12","5","8","1"
"76","331","3","13","1"
"76","144","4","16","1"
"76","135","3","11","1"
"78","362","1","28","1"
"76","329","2","9","1"
"76","26","1","8","1"
"76","336","4","12","1"
"76","297","3","8","1"
"76","63","4","17","1"
"76","332","2","14","1"
"78","350","1","25","1"
"75","9","5","14","1"
"76","62","4","5","1"
"76","357","3","9","1"
"76","46","4","9","1"
"76","29","1","7","1"
"76","94","4","7","1"
"76","256","1","2","1"
"76","359","2","12","1"
"76","347","3","10","1"
"76","56","2","2","1"
"76","204","3","4","1"
"78","352","1","2","1"
"76","350","2","11","1"
"76","133","3","5","1"
"76","314","4","13","1"
"76","231","4","10","1"
"76","177","2","10","1"
"76","354","2","8","1"
"76","39","3","2","1"
"76","69","2","1","1"
"76","356","1","3","1"
"78","214","1","7","1"
"76","188","4","2","1"
"78","73","1","18","1"
"76","9","4","1","1"
"76","21","1","10","1"
"76","198","1","1","1"
"76","154","3","7","1"
"76","110","4","8","1"
"75","20","5","6","1"
"75","21","3","4","1"
"75","26","3","9","1"
"75","29","3","3","1"
"75","37","2","4","1"
"75","39","2","12","1"
"75","46","4","12","1"
"75","51","5","16","1"
"75","56","5","17","1"
"75","57","5","18","1"
"75","62","4","3","1"
"75","63","5","13","1"
"75","71","1","5","1"
"75","72","4","5","1"
"75","73","2","11","1"
"75","82","4","1","1"
"75","94","1","6","1"
"75","98","1","8","1"
"75","102","5","7","1"
"75","107","5","9","1"
"75","110","3","2","1"
"75","127","1","9","1"
"75","130","3","1","1"
"75","132","4","8","1"
"75","133","4","2","1"
"75","135","3","8","1"
"75","144","5","12","1"
"75","154","4","4","1"
"75","168","4","11","1"
"75","177","2","9","1"
"75","180","2","8","1"
"75","182","5","3","1"
"75","188","2","3","1"
"75","194","3","10","1"
"75","198","1","1","1"
"75","204","4","7","1"
"75","213","4","10","1"
"75","214","5","1","1"
"75","219","3","5","1"
"75","220","5","2","1"
"75","226","1","4","1"
"75","231","2","1","1"
"75","256","1","2","1"
"75","264","5","15","1"
"75","283","2","6","1"
"75","297","3","11","1"
"75","314","5","4","1"
"75","329","2","2","1"
"75","336","2","5","1"
"75","339","5","10","1"
"75","342","1","3","1"
"75","343","3","6","1"
"75","347","1","10","1"
"75","350","2","7","1"
"75","351","2","9","1"
"75","352","1","7","1"
"75","353","5","5","1"
"75","354","4","6","1"
"75","358","5","11","1"
"78","351","1","9","1"
"78","56","1","26","1"
"78","297","1","8","1"
"78","359","1","10","1"
"78","353","1","13","1"
"78","149","1","3","1"
"78","358","1","12","1"
"78","39","1","5","1"
"78","256","1","1","1"
"79","364","1","1","1"
"78","363","1","24","1"
"78","64","1","17","1"
"78","82","1","27","1"
"78","162","1","22","1"
"78","21","1","6","1"
"79","198","1","2","1"
"79","352","1","8","1"
"79","342","1","4","1"
"79","71","1","5","1"
"79","20","1","7","1"
"79","329","1","9","1"
"79","188","1","10","1"
"79","72","1","11","1"
"79","127","1","12","1"
"79","361","5","10","1"
"79","363","2","1","1"
"79","180","2","2","1"
"79","231","2","3","1"
"79","177","2","4","1"
"79","351","2","5","1"
"79","336","2","6","1"
"79","350","2","7","1"
"79","182","1","14","1"
"79","26","2","9","1"
"79","62","2","10","1"
"79","73","2","11","1"
"79","154","2","12","1"
"79","9","5","2","1"
"79","98","3","1","1"
"79","110","3","2","1"
"79","82","3","3","1"
"79","194","3","4","1"
"79","14","3","5","1"
"79","149","3","6","1"
"79","21","3","7","1"
"79","204","3","8","1"
"79","343","3","9","1"
"79","264","3","10","1"
"79","132","3","11","1"
"79","359","2","8","1"
"79","168","3","12","1"
"79","339","5","1","1"
"79","354","4","1","1"
"79","219","4","2","1"
"79","107","4","7","1"
"79","356","4","4","1"
"79","297","4","5","1"
"79","135","4","6","1"
"79","39","4","3","1"
"79","130","4","8","1"
"79","46","4","9","1"
"79","51","4","10","1"
"79","220","4","11","1"
"79","57","5","3","1"
"79","226","5","5","1"
"79","94","5","6","1"
"79","314","5","7","1"
"79","353","5","8","1"
"79","56","5","9","1"
"79","214","5","10","1"
"79","162","5","11","1"
"79","358","5","12","1"
"79","144","5","13","1"
"79","347","5","1","1"
"80","198","1","1","1"
"80","256","1","2","1"
"80","356","1","3","1"
"80","347","1","4","1"
"80","283","1","6","1"
"80","180","1","8","1"
"80","177","1","7","1"
"80","71","1","9","1"
"80","194","1","10","1"
"80","214","1","11","1"
"80","12","1","12","1"
"84","9","1","1","1"
"80","39","2","2","1"
"80","364","1","5","1"
"80","342","2","4","1"
"80","329","2","14","1"
"80","231","2","6","1"
"80","154","2","7","1"
"80","51","2","8","1"
"80","336","2","9","1"
"80","351","2","10","1"
"80","363","2","11","1"
"80","350","2","12","1"
"80","362","2","13","1"
"80","205","2","15","1"
"80","56","2","16","1"
"81","14","5","8","1"
"80","357","3","2","1"
"80","219","3","3","1"
"80","352","3","4","1"
"80","354","3","5","1"
"80","359","2","11","1"
"80","69","3","1","1"
"80","135","3","6","1"
"80","355","3","7","1"
"80","73","3","8","1"
"80","62","3","9","1"
"80","72","3","10","1"
"80","21","3","11","1"
"82","39","2","6","1"
"80","220","4","1","1"
"80","46","4","2","1"
"80","343","4","3","1"
"80","82","4","4","1"
"80","168","4","5","1"
"80","297","4","6","1"
"80","102","4","7","1"
"80","149","4","8","1"
"80","132","4","9","1"
"80","360","4","10","1"
"80","353","4","11","1"
"80","358","4","14","1"
"80","144","4","15","1"
"80","162","4","16","1"
"80","339","4","13","1"
"80","26","5","1","1"
"80","264","5","2","1"
"80","107","5","3","1"
"80","110","5","4","1"
"80","98","5","5","1"
"80","130","5","6","1"
"80","14","5","7","1"
"80","204","5","8","1"
"80","133","5","9","1"
"81","26","5","2","1"
"81","39","2","2","1"
"81","46","4","3","1"
"81","51","2","8","1"
"82","204","1","9","1"
"81","366","4","14","1"
"81","354","5","1","1"
"81","71","1","11","1"
"81","135","5","11","1"
"81","363","1","1","1"
"81","82","4","4","1"
"81","224","1","10","1"
"81","102","4","7","1"
"81","107","5","4","1"
"81","110","5","5","1"
"81","130","5","7","1"
"81","132","4","9","1"
"81","133","5","10","1"
"81","365","3","1","1"
"81","180","3","2","1"
"81","149","4","8","1"
"81","154","2","7","1"
"81","194","3","9","1"
"81","168","4","5","1"
"81","177","1","8","1"
"81","98","1","9","1"
"82","256","2","1","1"
"81","198","1","1","1"
"81","204","5","9","1"
"81","205","2","15","1"
"82","102","2","16","1"
"81","62","3","5","1"
"81","220","4","1","1"
"81","231","2","6","1"
"81","256","1","2","1"
"81","264","5","3","1"
"81","283","1","6","1"
"81","297","4","6","1"
"81","329","2","14","1"
"81","336","2","9","1"
"81","219","3","12","1"
"81","342","2","4","1"
"81","343","4","3","1"
"81","347","1","4","1"
"81","350","2","12","1"
"81","351","2","10","1"
"81","73","3","4","1"
"81","353","4","12","1"
"81","29","3","7","1"
"81","21","3","8","1"
"81","356","1","3","1"
"81","361","5","12","1"
"81","72","1","7","1"
"81","359","2","11","1"
"81","352","3","11","1"
"82","205","1","2","1"
"82","356","1","3","1"
"81","364","1","5","1"
"81","330","1","20","1"
"81","331","2","17","1"
"81","332","3","13","1"
"82","98","1","1","1"
"82","154","2","8","1"
"82","219","2","17","1"
"82","62","2","7","1"
"82","369","1","13","1"
"82","352","2","9","1"
"101","374","1","21","1"
"82","350","2","10","1"
"82","351","2","11","1"
"82","367","1","7","1"
"82","364","1","4","1"
"82","368","1","15","1"
"82","264","1","8","1"
"82","168","2","13","1"
"82","354","2","18","1"
"82","343","2","12","1"
"82","73","1","6","1"
"82","365","1","11","1"
"82","231","2","3","1"
"82","180","1","12","1"
"82","297","2","14","1"
"82","51","1","10","1"
"82","177","2","4","1"
"82","347","2","5","1"
"82","21","2","15","1"
"81","367","3","5","1"
"81","214","3","3","1"
"86","133","5","10","1"
"86","135","5","11","1"
"86","144","6","3","1"
"86","149","4","8","1"
"86","154","2","7","1"
"86","162","6","2","1"
"86","168","4","5","1"
"86","177","1","8","1"
"86","180","3","2","1"
"86","194","3","9","1"
"86","198","1","1","1"
"86","204","5","9","1"
"86","205","2","15","1"
"86","214","3","3","1"
"86","219","3","12","1"
"86","220","4","1","1"
"86","224","1","10","1"
"86","231","2","6","1"
"86","256","1","2","1"
"86","264","5","3","1"
"86","283","1","6","1"
"86","297","4","6","1"
"86","329","2","14","1"
"88","26","5","2","1"
"88","21","3","8","1"
"89","256","1","6","1"
"86","336","2","9","1"
"86","339","6","1","1"
"86","342","2","4","1"
"86","343","4","3","1"
"86","347","1","4","1"
"86","350","2","12","1"
"86","351","2","10","1"
"86","352","3","11","1"
"86","353","4","12","1"
"86","354","5","1","1"
"86","356","1","3","1"
"86","358","6","4","1"
"86","359","2","11","1"
"86","361","5","12","1"
"86","363","1","1","1"
"86","364","1","5","1"
"86","365","3","1","1"
"88","14","5","8","1"
"86","367","3","5","1"
"86","368","4","2","1"
"87","14","5","8","1"
"87","20","4","11","1"
"87","314","1","29","1"
"87","26","5","2","1"
"86","56","6","5","1"
"87","39","2","2","1"
"87","182","1","26","1"
"86","9","6","12","1"
"87","62","3","5","1"
"87","71","1","11","1"
"88","57","6","6","1"
"87","73","3","4","1"
"87","333","1","25","1"
"88","51","2","8","1"
"87","102","4","7","1"
"87","107","5","4","1"
"87","110","5","5","1"
"87","127","4","10","1"
"87","130","5","7","1"
"87","132","4","9","1"
"87","133","5","10","1"
"87","37","1","23","1"
"87","144","6","3","1"
"87","149","4","8","1"
"82","110","1","5","1"
"87","12","1","21","1"
"87","168","4","5","1"
"88","56","4","11","1"
"86","57","6","6","1"
"87","194","3","9","1"
"88","73","3","4","1"
"87","204","5","9","1"
"86","325","6","7","1"
"87","214","3","3","1"
"87","219","3","12","1"
"87","220","4","1","1"
"88","320","4","3","1"
"89","377","5","31","1"
"87","256","1","2","1"
"87","264","5","3","1"
"88","62","3","5","1"
"87","69","1","24","1"
"86","226","6","8","1"
"87","330","1","40","1"
"87","331","2","17","1"
"87","332","3","13","1"
"86","190","6","11","1"
"87","339","6","1","1"
"88","39","2","2","1"
"87","343","4","3","1"
"87","347","1","4","1"
"86","186","6","9","1"
"87","351","2","10","1"
"87","63","1","28","1"
"87","353","4","12","1"
"87","354","5","1","1"
"88","71","1","11","1"
"87","340","1","22","1"
"86","320","6","10","1"
"87","361","5","12","1"
"88","72","1","7","1"
"87","364","1","5","1"
"87","365","3","1","1"
"87","366","4","14","1"
"87","367","3","5","1"
"87","318","1","27","1"
"101","264","5","4","1"
"88","98","1","9","1"
"88","102","4","7","1"
"88","107","5","4","1"
"88","110","5","5","1"
"88","127","4","10","1"
"88","130","5","7","1"
"88","132","4","9","1"
"88","133","5","10","1"
"88","135","5","11","1"
"88","144","6","3","1"
"88","369","3","7","1"
"88","154","2","7","1"
"88","162","6","2","1"
"88","168","4","5","1"
"88","177","1","8","1"
"103","73","2","11","1"
"82","18","1","14","1"
"89","71","1","5","1"
"88","194","3","9","1"
"89","336","6","2","1"
"88","204","5","9","1"
"101","72","3","5","1"
"88","214","3","3","1"
"89","171","1","11","1"
"88","220","4","1","1"
"101","297","2","8","1"
"88","226","1","8","1"
"88","231","2","6","1"
"88","256","1","2","1"
"88","264","5","3","1"
"88","283","1","6","1"
"89","342","1","3","1"
"82","330","1","33","1"
"88","361","4","13","1"
"88","329","2","14","1"
"88","336","2","9","1"
"88","339","6","1","1"
"88","342","2","4","1"
"88","343","4","3","1"
"88","347","1","4","1"
"88","350","2","12","1"
"88","351","2","10","1"
"88","352","3","11","1"
"88","353","4","12","1"
"89","62","1","2","1"
"88","356","1","3","1"
"88","358","6","4","1"
"103","82","4","1","1"
"89","364","1","6","1"
"103","51","4","13","1"
"88","364","1","5","1"
"88","365","3","1","1"
"88","367","3","5","1"
"101","256","3","11","1"
"103","72","3","5","1"
"89","91","2","7","1"
"103","71","3","4","1"
"101","21","1","9","1"
"101","171","4","9","1"
"101","177","3","6","1"
"101","56","1","18","1"
"100","352","1","2","1"
"101","135","4","14","1"
"100","144","1","3","1"
"101","352","2","4","1"
"101","133","5","6","1"
"101","336","3","2","1"
"100","18","1","4","1"
"101","231","3","1","1"
"101","220","5","1","1"
"101","51","4","13","1"
"100","283","1","5","1"
"89","378","5","38","1"
"101","57","1","19","1"
"101","102","1","24","1"
"89","380","5","37","1"
"100","214","1","6","1"
"100","364","1","7","1"
"89","376","5","36","1"
"100","149","1","8","1"
"101","219","2","1","1"
"101","144","5","11","1"
"101","204","4","5","1"
"100","368","1","9","1"
"89","379","5","35","1"
"100","354","1","10","1"
"100","130","1","11","1"
"89","381","5","33","1"
"101","198","1","2","1"
"103","62","3","3","1"
"101","132","4","11","1"
"89","372","5","34","1"
"103","18","2","3","1"
"103","21","1","9","1"
"103","26","2","10","1"
"101","347","2","5","1"
"103","29","2","2","1"
"101","194","3","10","1"
"103","214","1","15","1"
"101","168","2","9","1"
"101","343","5","3","1"
"101","130","3","9","1"
"101","107","4","16","1"
"100","394","1","1","1"
"101","367","4","7","1"
"101","388","1","14","1"
"101","29","2","2","1"
"101","350","4","10","1"
"101","389","5","12","1"
"89","373","5","32","1"
"89","374","1","4","1"
"103","46","5","5","1"
"101","396","1","13","1"
"101","46","5","5","1"
"101","98","5","8","1"
"101","180","3","8","1"
"101","26","2","10","1"
"101","395","3","7","1"
"101","73","2","11","1"
"101","162","5","10","1"
"101","114","2","6","1"
"101","226","1","22","1"
"101","110","5","7","1"
"101","351","1","12","1"
"89","375","5","31","1"
"101","71","3","4","1"
"101","214","1","17","1"
"101","127","1","23","1"
"103","91","5","2","1"
"101","329","4","6","1"
"101","62","3","3","1"
"101","387","2","7","1"
"101","385","1","25","1"
"101","386","1","3","1"
"101","224","1","20","1"
"101","383","1","3","1"
"101","14","1","16","1"
"101","364","1","4","1"
"101","154","4","4","1"
"101","369","4","8","1"
"101","82","4","1","1"
"101","64","2","12","1"
"89","72","1","8","1"
"89","329","1","10","1"
"89","51","1","9","1"
"89","57","1","1","1"
"89","231","2","1","1"
"89","350","2","2","1"
"89","351","2","3","1"
"89","177","1","4","1"
"89","367","2","4","1"
"89","369","2","5","1"
"89","46","2","6","1"
"89","343","2","7","1"
"89","297","2","8","1"
"89","204","2","9","1"
"89","133","2","10","1"
"89","73","2","11","1"
"89","198","6","1","1"
"89","264","3","1","1"
"89","26","3","1","1"
"89","154","3","3","1"
"89","114","3","4","1"
"89","132","3","5","1"
"89","135","3","6","1"
"89","168","3","7","1"
"89","352","3","8","1"
"89","339","4","0","1"
"89","21","4","1","1"
"89","370","4","4","1"
"89","110","4","8","1"
"89","144","4","7","1"
"89","162","4","6","1"
"89","130","3","9","1"
"89","347","3","10","1"
"89","371","1","7","1"
"103","64","2","12","1"
"89","382","5","39","1"
"89","356","6","3","1"
"89","98","6","4","1"
"89","39","6","5","1"
"89","194","6","6","1"
"89","29","6","7","1"
"89","365","6","8","1"
"91","383","1","1","1"
"91","364","1","2","1"
"91","386","1","3","1"
"91","374","1","4","1"
"91","388","1","5","1"
"91","384","1","6","1"
"93","356","1","5","1"
"91","357","1","8","1"
"91","21","1","9","1"
"91","356","1","10","1"
"91","385","1","11","1"
"91","351","1","12","1"
"91","367","1","13","1"
"91","369","1","14","1"
"91","204","1","15","1"
"91","379","1","16","1"
"93","14","1","4","1"
"93","194","1","6","1"
"93","385","1","3","1"
"91","18","1","20","1"
"91","352","1","21","1"
"91","347","1","22","1"
"91","114","1","23","1"
"91","387","1","24","1"
"91","297","1","25","1"
"93","204","1","1","1"
"91","389","1","32","1"
"93","205","1","2","1"
"91","198","1","17","1"
"91","370","1","29","1"
"91","162","1","30","1"
"91","144","1","31","1"
"92","18","1","20","1"
"92","21","1","9","1"
"92","26","1","27","1"
"92","29","1","16","1"
"92","73","1","28","1"
"92","114","1","23","1"
"92","62","2","3","1"
"92","336","2","2","1"
"92","168","1","26","1"
"96","21","1","9","1"
"92","204","1","15","1"
"92","214","1","7","1"
"92","219","1","18","1"
"92","297","1","25","1"
"92","347","1","22","1"
"92","351","1","12","1"
"92","352","1","21","1"
"92","356","1","10","1"
"96","29","2","19","1"
"92","364","1","2","1"
"92","367","1","13","1"
"96","26","2","27","1"
"92","369","1","14","1"
"92","231","2","1","1"
"92","374","1","4","1"
"92","379","1","17","1"
"92","383","1","1","1"
"96","39","3","8","1"
"92","385","1","11","1"
"92","386","1","3","1"
"92","387","1","24","1"
"92","388","1","5","1"
"92","71","2","4","1"
"92","72","2","5","1"
"92","177","2","6","1"
"92","180","2","7","1"
"92","39","2","8","1"
"92","130","2","9","1"
"92","194","2","10","1"
"92","256","2","11","1"
"92","154","2","12","1"
"92","329","2","13","1"
"92","350","2","14","1"
"92","365","2","15","1"
"92","188","2","16","1"
"92","132","2","17","1"
"92","91","2","18","1"
"92","343","2","19","1"
"92","264","2","20","1"
"92","46","2","21","1"
"96","18","2","20","1"
"92","110","2","23","1"
"92","98","2","24","1"
"92","354","2","25","1"
"92","162","2","26","1"
"92","144","2","27","1"
"93","18","1","7","1"
"93","369","1","8","1"
"93","264","1","9","1"
"93","256","1","10","1"
"93","198","1","11","1"
"93","26","1","12","1"
"93","336","1","13","1"
"93","29","1","14","1"
"93","188","1","15","1"
"93","214","1","16","1"
"93","39","1","17","1"
"93","154","1","18","1"
"93","135","1","19","1"
"93","383","1","20","1"
"93","387","1","21","1"
"93","46","1","22","1"
"93","51","1","23","1"
"93","219","1","24","1"
"93","329","1","25","1"
"93","220","1","26","1"
"93","386","1","27","1"
"93","62","1","28","1"
"93","224","1","29","1"
"93","352","1","30","1"
"93","342","1","31","1"
"93","70","1","32","1"
"93","182","1","33","1"
"93","374","1","34","1"
"93","71","1","35","1"
"93","72","1","36","1"
"93","73","1","37","1"
"93","226","1","38","1"
"93","343","1","39","1"
"93","364","1","40","1"
"93","283","1","41","1"
"93","21","1","42","1"
"93","350","1","43","1"
"93","114","1","44","1"
"93","388","1","45","1"
"93","367","1","46","1"
"93","180","1","47","1"
"93","82","1","48","1"
"93","94","1","49","1"
"93","351","1","50","1"
"93","231","1","51","1"
"93","325","1","52","1"
"93","98","1","53","1"
"93","354","1","54","1"
"93","297","1","55","1"
"93","130","1","56","1"
"93","365","1","57","1"
"93","347","1","58","1"
"93","177","1","59","1"
"93","107","1","60","1"
"93","353","1","61","1"
"93","389","1","62","1"
"93","314","1","63","1"
"93","168","1","64","1"
"93","133","1","65","1"
"93","132","1","66","1"
"93","162","1","67","1"
"93","127","1","68","1"
"93","144","1","69","1"
"94","18","2","20","1"
"94","21","1","9","1"
"94","26","2","27","1"
"94","29","2","19","1"
"94","39","3","8","1"
"94","46","5","21","1"
"94","62","3","3","1"
"94","71","3","4","1"
"94","72","3","5","1"
"94","73","2","28","1"
"94","91","5","18","1"
"94","98","5","24","1"
"94","110","5","23","1"
"94","114","2","23","1"
"94","130","3","9","1"
"94","132","4","17","1"
"94","133","5","22","1"
"94","144","5","27","1"
"94","154","4","4","1"
"94","162","5","26","1"
"94","168","2","26","1"
"94","177","3","6","1"
"94","180","3","7","1"
"94","188","4","16","1"
"94","194","3","10","1"
"94","198","1","1","1"
"94","204","4","5","1"
"94","214","1","7","1"
"94","219","2","18","1"
"94","231","3","1","1"
"94","256","3","11","1"
"94","264","5","20","1"
"94","297","2","25","1"
"94","329","4","13","1"
"94","336","3","2","1"
"94","343","5","19","1"
"94","347","2","22","1"
"94","350","4","14","1"
"94","351","1","12","1"
"94","352","2","21","1"
"94","354","5","25","1"
"94","356","1","10","1"
"94","51","4","20","1"
"94","364","1","4","1"
"94","365","4","3","1"
"94","367","4","13","1"
"94","368","2","17","1"
"94","369","4","14","1"
"94","374","1","5","1"
"94","379","1","2","1"
"94","383","1","3","1"
"94","384","1","6","1"
"94","385","1","11","1"
"94","386","1","3","1"
"94","387","2","24","1"
"94","388","1","13","1"
"94","171","4","14","1"
"94","205","4","18","1"
"94","283","4","19","1"
"94","82","4","2","1"
"94","330","4","1","1"
"94","135","4","21","1"
"94","107","4","22","1"
"95","18","2","20","1"
"95","21","1","9","1"
"95","26","2","27","1"
"95","29","2","19","1"
"95","39","3","8","1"
"95","46","5","21","1"
"95","51","4","20","1"
"95","62","3","3","1"
"95","71","3","4","1"
"95","72","3","5","1"
"95","73","2","28","1"
"95","82","4","2","1"
"95","91","5","18","1"
"95","98","5","24","1"
"95","107","4","22","1"
"95","110","5","23","1"
"95","114","2","23","1"
"95","130","3","9","1"
"95","132","4","17","1"
"95","133","5","22","1"
"95","135","4","21","1"
"95","144","5","27","1"
"95","154","4","4","1"
"95","162","5","26","1"
"95","168","2","26","1"
"95","171","4","14","1"
"95","177","3","6","1"
"95","180","3","7","1"
"95","188","4","16","1"
"95","194","3","10","1"
"95","198","1","1","1"
"95","204","4","5","1"
"95","205","4","18","1"
"95","214","1","7","1"
"95","219","2","18","1"
"95","231","3","1","1"
"95","256","3","11","1"
"95","264","5","20","1"
"95","283","4","19","1"
"95","297","2","25","1"
"95","329","4","13","1"
"95","330","4","1","1"
"95","336","3","2","1"
"95","343","5","19","1"
"95","347","2","22","1"
"95","350","4","14","1"
"95","351","1","12","1"
"95","352","2","21","1"
"95","354","5","25","1"
"95","356","1","10","1"
"95","364","1","4","1"
"95","365","4","3","1"
"95","367","4","13","1"
"95","368","2","17","1"
"95","369","4","14","1"
"95","374","1","5","1"
"95","379","1","2","1"
"95","383","1","3","1"
"95","384","1","6","1"
"95","385","1","11","1"
"95","386","1","3","1"
"95","387","2","24","1"
"95","388","1","13","1"
"95","342","6","1","1"
"95","182","6","2","1"
"95","226","6","3","1"
"96","46","5","21","1"
"96","51","4","20","1"
"96","62","3","3","1"
"96","71","3","4","1"
"96","72","3","5","1"
"96","73","2","28","1"
"96","82","4","2","1"
"96","91","5","18","1"
"96","98","5","24","1"
"96","107","4","22","1"
"96","110","5","23","1"
"96","114","2","23","1"
"96","130","3","9","1"
"96","132","4","17","1"
"96","133","5","22","1"
"96","135","4","21","1"
"96","144","5","27","1"
"96","154","4","4","1"
"96","162","5","26","1"
"96","168","2","26","1"
"96","171","4","14","1"
"96","177","3","6","1"
"96","180","3","7","1"
"96","188","4","16","1"
"96","194","3","10","1"
"96","198","1","1","1"
"96","204","4","5","1"
"96","205","4","18","1"
"96","214","1","7","1"
"96","219","2","18","1"
"96","231","3","1","1"
"96","256","3","11","1"
"96","264","5","20","1"
"96","283","4","19","1"
"96","297","2","25","1"
"96","329","4","13","1"
"96","330","4","1","1"
"96","336","3","2","1"
"96","343","5","19","1"
"96","347","2","22","1"
"96","350","4","14","1"
"96","351","1","12","1"
"96","352","2","21","1"
"96","354","5","25","1"
"96","356","1","10","1"
"96","364","1","4","1"
"96","365","4","3","1"
"96","367","4","13","1"
"92","51","1","7","1"
"96","369","4","14","1"
"96","374","1","5","1"
"96","379","1","2","1"
"96","383","1","3","1"
"97","18","2","3","1"
"96","385","1","11","1"
"96","386","1","3","1"
"96","387","2","24","1"
"96","388","1","13","1"
"97","21","1","9","1"
"97","26","2","10","1"
"97","29","2","2","1"
"98","330","1","16","1"
"97","46","5","5","1"
"97","51","4","13","1"
"97","62","3","3","1"
"97","71","3","4","1"
"97","72","3","5","1"
"97","73","2","11","1"
"97","82","4","1","1"
"97","91","5","2","1"
"97","98","5","8","1"
"97","107","4","16","1"
"97","110","5","7","1"
"97","114","2","6","1"
"97","130","3","9","1"
"97","132","4","11","1"
"97","133","5","6","1"
"97","135","4","14","1"
"97","144","5","11","1"
"97","154","4","4","1"
"97","162","5","10","1"
"97","168","2","9","1"
"97","171","4","9","1"
"97","177","3","6","1"
"97","180","3","8","1"
"98","26","2","10","1"
"97","194","3","10","1"
"97","198","1","2","1"
"97","204","4","5","1"
"97","395","3","7","1"
"97","396","1","13","1"
"97","219","2","1","1"
"97","231","3","1","1"
"97","256","3","11","1"
"97","264","5","4","1"
"97","283","4","12","1"
"97","297","2","8","1"
"97","329","4","6","1"
"98","29","2","2","1"
"97","336","3","2","1"
"97","343","5","3","1"
"97","347","2","5","1"
"97","350","4","10","1"
"97","351","1","12","1"
"97","352","2","4","1"
"97","354","5","9","1"
"97","356","1","10","1"
"97","364","1","4","1"
"97","365","4","3","1"
"97","367","4","7","1"
"97","369","4","8","1"
"97","220","5","1","1"
"97","379","4","17","1"
"97","383","1","3","1"
"97","385","1","11","1"
"97","386","1","3","1"
"97","387","2","7","1"
"97","388","1","14","1"
"97","393","4","15","1"
"97","394","1","1","1"
"98","18","2","3","1"
"97","64","2","12","1"
"97","392","1","2","1"
"103","114","2","6","1"
"98","33","1","15","1"
"97","33","1","15","1"
"98","51","4","13","1"
"98","62","3","3","1"
"98","64","2","12","1"
"98","71","3","4","1"
"98","72","3","5","1"
"98","73","2","11","1"
"98","82","4","1","1"
"103","98","5","8","1"
"103","133","5","6","1"
"98","107","4","16","1"
"103","135","4","14","1"
"98","114","2","6","1"
"98","130","3","9","1"
"98","132","4","11","1"
"103","132","4","11","1"
"98","135","4","14","1"
"103","162","5","10","1"
"98","154","4","4","1"
"103","154","4","4","1"
"98","168","2","9","1"
"98","171","4","9","1"
"98","177","3","6","1"
"98","180","3","8","1"
"98","194","3","10","1"
"98","372","6","2","1"
"98","204","4","5","1"
"98","219","2","1","1"
"103","130","3","9","1"
"98","231","3","1","1"
"98","256","3","11","1"
"103","110","5","7","1"
"98","283","4","12","1"
"98","297","2","8","1"
"98","329","4","6","1"
"98","336","3","2","1"
"98","110","1","6","1"
"103","107","4","16","1"
"98","350","4","10","1"
"98","351","1","12","1"
"98","352","2","4","1"
"103","144","5","11","1"
"98","356","1","10","1"
"98","364","1","5","1"
"98","365","4","3","1"
"98","367","4","7","1"
"98","369","4","8","1"
"98","379","4","17","1"
"98","383","1","3","1"
"98","385","1","11","1"
"98","386","1","4","1"
"98","387","2","7","1"
"98","388","1","14","1"
"98","391","6","1","1"
"98","393","4","15","1"
"98","394","1","2","1"
"98","395","3","7","1"
"98","396","1","1","1"
"98","373","6","3","1"
"98","380","6","4","1"
"98","376","6","5","1"
"98","382","6","6","1"
"98","378","6","7","1"
"98","381","6","8","1"
"98","375","6","9","1"
"98","377","6","10","1"
"98","371","6","11","1"
"98","392","6","12","1"
"98","331","2","13","1"
"98","332","3","12","1"
"103","168","2","9","1"
"103","171","4","9","1"
"103","177","3","6","1"
"103","180","3","8","1"
"103","194","3","10","1"
"103","198","1","2","1"
"103","204","4","5","1"
"103","219","2","1","1"
"103","220","5","1","1"
"103","231","3","1","1"
"103","256","3","11","1"
"103","264","5","4","1"
"103","283","4","12","1"
"103","297","2","8","1"
"103","329","4","6","1"
"103","336","3","2","1"
"103","343","5","3","1"
"103","347","2","5","1"
"103","350","4","10","1"
"103","351","1","12","1"
"103","352","2","4","1"
"103","354","5","9","1"
"103","356","1","10","1"
"103","364","1","4","1"
"103","365","4","3","1"
"103","367","4","7","1"
"103","369","4","8","1"
"103","379","4","17","1"
"103","383","1","3","1"
"103","385","1","11","1"
"103","386","1","3","1"
"103","387","2","7","1"
"103","388","1","14","1"
"103","179","1","17","1"
"103","393","4","15","1"
"103","188","1","16","1"
"103","395","3","7","1"
"103","396","1","13","1"
"105","396","1","13","1"
"105","395","3","7","1"
"105","393","4","15","1"
"105","388","1","14","1"
"105","387","2","7","1"
"105","386","1","3","1"
"105","385","1","11","1"
"105","383","1","3","1"
"105","379","4","17","1"
"105","369","4","8","1"
"105","367","4","7","1"
"108","385","1","1","1"
"105","364","1","4","1"
"105","356","1","10","1"
"105","354","5","9","1"
"105","352","2","4","1"
"105","351","1","12","1"
"105","350","4","10","1"
"105","347","2","5","1"
"105","343","5","3","1"
"105","336","3","2","1"
"105","329","4","6","1"
"105","297","2","8","1"
"105","283","4","12","1"
"105","264","5","4","1"
"105","256","3","11","1"
"105","231","3","1","1"
"105","220","5","1","1"
"105","219","2","1","1"
"105","214","1","15","1"
"105","204","4","5","1"
"105","198","1","2","1"
"105","194","3","10","1"
"105","188","1","16","1"
"105","180","3","8","1"
"105","179","1","17","1"
"105","177","3","6","1"
"105","171","4","9","1"
"105","168","2","9","1"
"105","162","5","10","1"
"105","154","4","4","1"
"105","144","5","11","1"
"105","135","4","14","1"
"105","133","5","6","1"
"105","132","4","11","1"
"105","130","3","9","1"
"105","114","2","6","1"
"105","110","5","7","1"
"105","107","4","16","1"
"105","98","5","8","1"
"105","91","5","2","1"
"105","82","4","1","1"
"105","73","2","11","1"
"105","72","3","5","1"
"105","71","3","4","1"
"105","64","2","12","1"
"105","62","3","3","1"
"105","51","4","13","1"
"105","46","5","5","1"
"105","29","2","2","1"
"105","26","2","10","1"
"105","21","1","9","1"
"105","18","2","3","1"
"105","357","1","18","1"
"105","342","1","19","1"
"105","394","1","20","1"
"105","397","1","21","1"
"105","389","1","22","1"
"108","356","1","2","1"
"108","397","1","3","1"
"108","256","1","4","1"
"108","198","1","5","1"
"108","188","1","6","1"
"108","214","1","7","1"
"108","154","1","8","1"
"108","383","1","9","1"
"108","51","1","10","1"
"108","219","1","11","1"
"108","386","1","12","1"
"108","379","1","13","1"
"108","283","1","14","1"
"108","21","1","15","1"
"108","364","1","16","1"
"108","354","1","17","1"
"108","351","1","18","1"
"108","347","1","19","1"
"108","357","1","20","1"
"108","396","1","21","1"
"108","91","1","22","1"
"108","62","2","6","1"
"108","72","2","3","1"
"108","388","2","4","1"
"108","350","1","23","1"
"108","204","2","7","1"
"108","395","2","5","1"
"108","110","2","8","1"
"108","205","2","2","1"
"108","179","2","1","1"
"108","82","1","24","1"
"108","107","3","1","1"
"108","194","3","2","1"
"108","26","3","3","1"
"108","29","3","4","1"
"108","336","3","5","1"
"108","135","3","6","1"
"108","220","3","7","1"
"108","46","3","8","1"
"108","168","3","9","1"
"108","352","3","10","1"
"108","73","3","11","1"
"108","71","3","12","1"
"108","398","3","13","1"
"108","18","3","14","1"
"108","387","3","15","1"
"108","367","3","16","1"
"108","114","3","17","1"
"108","297","3","18","1"
"108","132","3","19","1"
"108","98","3","20","1"
"108","343","3","21","1"
"108","162","3","22","1"
"108","144","3","23","1"
"108","389","3","24","1"
"108","394","4","1","1"
"108","102","4","2","1"
"108","264","4","4","1"
"108","171","4","5","1"
"108","39","4","6","1"
"108","63","4","7","1"
"108","224","4","8","1"
"108","342","4","9","1"
"108","69","4","10","1"
"108","70","4","11","1"
"108","226","4","12","1"
"108","149","4","13","1"
"108","231","4","14","1"
"108","177","4","15","1"
"108","130","4","16","1"
"108","133","4","17","1"
